,date,store_nbr,item_nbr,unit_sales,onpromotion,city,state,type_x,cluster,family,class,perishable,type_y,locale,transferred,dcoilwtico
0,2013-01-01,25,103665,7.0,,Salinas,Santa Elena,D,1,BREAD/BAKERY,2712,1,Holiday,National,False,93.14
1,2013-01-01,25,105574,1.0,,Salinas,Santa Elena,D,1,GROCERY I,1045,0,Holiday,National,False,93.14
2,2013-01-01,25,105575,2.0,,Salinas,Santa Elena,D,1,GROCERY I,1045,0,Holiday,National,False,93.14
3,2013-01-01,25,108079,1.0,,Salinas,Santa Elena,D,1,GROCERY I,1030,0,Holiday,National,False,93.14
4,2013-01-01,25,108701,1.0,,Salinas,Santa Elena,D,1,DELI,2644,1,Holiday,National,False,93.14
5,2013-01-01,25,108786,3.0,,Salinas,Santa Elena,D,1,CLEANING,3044,0,Holiday,National,False,93.14
6,2013-01-01,25,108797,1.0,,Salinas,Santa Elena,D,1,GROCERY I,1004,0,Holiday,National,False,93.14
7,2013-01-01,25,108952,1.0,,Salinas,Santa Elena,D,1,CLEANING,3024,0,Holiday,National,False,93.14
8,2013-01-01,25,111397,13.0,,Salinas,Santa Elena,D,1,GROCERY I,1072,0,Holiday,National,False,93.14
9,2013-01-01,25,114790,3.0,,Salinas,Santa Elena,D,1,GROCERY I,1004,0,Holiday,National,False,93.14
10,2013-01-01,25,114800,1.0,,Salinas,Santa Elena,D,1,PERSONAL CARE,4126,0,Holiday,National,False,93.14
11,2013-01-01,25,115267,1.0,,Salinas,Santa Elena,D,1,CLEANING,3034,0,Holiday,National,False,93.14
12,2013-01-01,25,115611,1.0,,Salinas,Santa Elena,D,1,GROCERY I,1014,0,Holiday,National,False,93.14
13,2013-01-01,25,115693,1.0,,Salinas,Santa Elena,D,1,GROCERY I,1040,0,Holiday,National,False,93.14
14,2013-01-01,25,115720,5.0,,Salinas,Santa Elena,D,1,GROCERY I,1084,0,Holiday,National,False,93.14
15,2013-01-01,25,115850,1.0,,Salinas,Santa Elena,D,1,GROCERY I,1004,0,Holiday,National,False,93.14
16,2013-01-01,25,115891,6.0,,Salinas,Santa Elena,D,1,GROCERY I,1016,0,Holiday,National,False,93.14
17,2013-01-01,25,115892,10.0,,Salinas,Santa Elena,D,1,GROCERY I,1016,0,Holiday,National,False,93.14
18,2013-01-01,25,115894,5.0,,Salinas,Santa Elena,D,1,GROCERY I,1016,0,Holiday,National,False,93.14
19,2013-01-01,25,119024,1.0,,Salinas,Santa Elena,D,1,CLEANING,3026,0,Holiday,National,False,93.14
20,2013-01-01,25,119026,1.0,,Salinas,Santa Elena,D,1,CLEANING,3026,0,Holiday,National,False,93.14
21,2013-01-01,25,119141,1.0,,Salinas,Santa Elena,D,1,GROCERY I,1042,0,Holiday,National,False,93.14
22,2013-01-01,25,119187,1.0,,Salinas,Santa Elena,D,1,CLEANING,3044,0,Holiday,National,False,93.14
23,2013-01-01,25,119624,4.0,,Salinas,Santa Elena,D,1,BEVERAGES,1122,0,Holiday,National,False,93.14
24,2013-01-01,25,123927,1.0,,Salinas,Santa Elena,D,1,GROCERY I,1026,0,Holiday,National,False,93.14
25,2013-01-01,25,129635,11.0,,Salinas,Santa Elena,D,1,DAIRY,2112,1,Holiday,National,False,93.14
26,2013-01-01,25,153239,3.0,,Salinas,Santa Elena,D,1,BREAD/BAKERY,2712,1,Holiday,National,False,93.14
27,2013-01-01,25,153267,9.0,,Salinas,Santa Elena,D,1,GROCERY I,1096,0,Holiday,National,False,93.14
28,2013-01-01,25,153395,7.0,,Salinas,Santa Elena,D,1,BREAD/BAKERY,2704,1,Holiday,National,False,93.14
29,2013-01-01,25,155607,2.0,,Salinas,Santa Elena,D,1,GROCERY I,1034,0,Holiday,National,False,93.14
30,2013-01-01,25,158680,1.0,,Salinas,Santa Elena,D,1,EGGS,2502,1,Holiday,National,False,93.14
31,2013-01-01,25,158788,4.0,,Salinas,Santa Elena,D,1,CLEANING,3044,0,Holiday,National,False,93.14
32,2013-01-01,25,158842,9.0,,Salinas,Santa Elena,D,1,DAIRY,2124,1,Holiday,National,False,93.14
33,2013-01-01,25,158875,1.0,,Salinas,Santa Elena,D,1,GROCERY I,1026,0,Holiday,National,False,93.14
34,2013-01-01,25,158956,5.0,,Salinas,Santa Elena,D,1,CLEANING,3038,0,Holiday,National,False,93.14
35,2013-01-01,25,159156,29.904,,Salinas,Santa Elena,D,1,POULTRY,2416,1,Holiday,National,False,93.14
36,2013-01-01,25,162066,2.0,,Salinas,Santa Elena,D,1,GROCERY I,1048,0,Holiday,National,False,93.14
37,2013-01-01,25,164036,1.0,,Salinas,Santa Elena,D,1,GROCERY I,1048,0,Holiday,National,False,93.14
38,2013-01-01,25,164088,3.0,,Salinas,Santa Elena,D,1,DAIRY,2116,1,Holiday,National,False,93.14
39,2013-01-01,25,165550,10.0,,Salinas,Santa Elena,D,1,BEVERAGES,1124,0,Holiday,National,False,93.14
40,2013-01-01,25,165551,1.0,,Salinas,Santa Elena,D,1,BEVERAGES,1124,0,Holiday,National,False,93.14
41,2013-01-01,25,165553,9.0,,Salinas,Santa Elena,D,1,BEVERAGES,1124,0,Holiday,National,False,93.14
42,2013-01-01,25,165594,4.0,,Salinas,Santa Elena,D,1,GROCERY I,1014,0,Holiday,National,False,93.14
43,2013-01-01,25,165704,4.0,,Salinas,Santa Elena,D,1,GROCERY I,1016,0,Holiday,National,False,93.14
44,2013-01-01,25,165705,15.0,,Salinas,Santa Elena,D,1,GROCERY I,1016,0,Holiday,National,False,93.14
45,2013-01-01,25,165718,2.0,,Salinas,Santa Elena,D,1,BREAD/BAKERY,2718,1,Holiday,National,False,93.14
46,2013-01-01,25,165988,1.0,,Salinas,Santa Elena,D,1,GROCERY I,1072,0,Holiday,National,False,93.14
47,2013-01-01,25,168927,9.0,,Salinas,Santa Elena,D,1,CLEANING,3026,0,Holiday,National,False,93.14
48,2013-01-01,25,169104,1.0,,Salinas,Santa Elena,D,1,CLEANING,3044,0,Holiday,National,False,93.14
49,2013-01-01,25,172184,2.0,,Salinas,Santa Elena,D,1,GROCERY I,1058,0,Holiday,National,False,93.14
50,2013-01-01,25,172343,1.0,,Salinas,Santa Elena,D,1,GROCERY I,1004,0,Holiday,National,False,93.14
51,2013-01-01,25,173113,2.0,,Salinas,Santa Elena,D,1,DAIRY,2114,1,Holiday,National,False,93.14
52,2013-01-01,25,177050,1.0,,Salinas,Santa Elena,D,1,LINGERIE,7034,0,Holiday,National,False,93.14
53,2013-01-01,25,179600,1.0,,Salinas,Santa Elena,D,1,GROCERY I,1006,0,Holiday,National,False,93.14
54,2013-01-01,25,205387,1.0,,Salinas,Santa Elena,D,1,GROCERY I,1034,0,Holiday,National,False,93.14
55,2013-01-01,25,207857,1.0,,Salinas,Santa Elena,D,1,GROCERY I,1010,0,Holiday,National,False,93.14
56,2013-01-01,25,208384,3.0,,Salinas,Santa Elena,D,1,EGGS,2502,1,Holiday,National,False,93.14
57,2013-01-01,25,208498,3.0,,Salinas,Santa Elena,D,1,CLEANING,3044,0,Holiday,National,False,93.14
58,2013-01-01,25,208514,2.0,,Salinas,Santa Elena,D,1,GROCERY I,1010,0,Holiday,National,False,93.14
59,2013-01-01,25,211203,1.0,,Salinas,Santa Elena,D,1,GROCERY I,1072,0,Holiday,National,False,93.14
60,2013-01-01,25,214381,5.0,,Salinas,Santa Elena,D,1,CLEANING,3032,0,Holiday,National,False,93.14
61,2013-01-01,25,214862,1.0,,Salinas,Santa Elena,D,1,CLEANING,3034,0,Holiday,National,False,93.14
62,2013-01-01,25,215331,2.0,,Salinas,Santa Elena,D,1,GROCERY I,1040,0,Holiday,National,False,93.14
63,2013-01-01,25,215332,1.0,,Salinas,Santa Elena,D,1,GROCERY I,1040,0,Holiday,National,False,93.14
64,2013-01-01,25,215352,46.0,,Salinas,Santa Elena,D,1,GROCERY I,1016,0,Holiday,National,False,93.14
65,2013-01-01,25,215356,5.0,,Salinas,Santa Elena,D,1,GROCERY I,1016,0,Holiday,National,False,93.14
66,2013-01-01,25,215370,2.0,,Salinas,Santa Elena,D,1,BREAD/BAKERY,2718,1,Holiday,National,False,93.14
67,2013-01-01,25,219147,2.0,,Salinas,Santa Elena,D,1,BEVERAGES,1122,0,Holiday,National,False,93.14
68,2013-01-01,25,219150,21.0,,Salinas,Santa Elena,D,1,BEVERAGES,1122,0,Holiday,National,False,93.14
69,2013-01-01,25,220435,4.0,,Salinas,Santa Elena,D,1,GROCERY I,1080,0,Holiday,National,False,93.14
70,2013-01-01,25,222879,5.0,,Salinas,Santa Elena,D,1,GROCERY I,1058,0,Holiday,National,False,93.14
71,2013-01-01,25,223434,1.0,,Salinas,Santa Elena,D,1,GROCERY I,1032,0,Holiday,National,False,93.14
72,2013-01-01,25,224081,6.0,,Salinas,Santa Elena,D,1,CLEANING,3022,0,Holiday,National,False,93.14
73,2013-01-01,25,226857,1.0,,Salinas,Santa Elena,D,1,GROCERY I,1035,0,Holiday,National,False,93.14
74,2013-01-01,25,227111,1.0,,Salinas,Santa Elena,D,1,EGGS,2502,1,Holiday,National,False,93.14
75,2013-01-01,25,246052,1.0,,Salinas,Santa Elena,D,1,GROCERY I,1039,0,Holiday,National,False,93.14
76,2013-01-01,25,252970,3.0,,Salinas,Santa Elena,D,1,CLEANING,3008,0,Holiday,National,False,93.14
77,2013-01-01,25,252972,2.0,,Salinas,Santa Elena,D,1,CLEANING,3008,0,Holiday,National,False,93.14
78,2013-01-01,25,253103,2.0,,Salinas,Santa Elena,D,1,BREAD/BAKERY,2712,1,Holiday,National,False,93.14
79,2013-01-01,25,257847,90.0,,Salinas,Santa Elena,D,1,BEVERAGES,1120,0,Holiday,National,False,93.14
80,2013-01-01,25,257848,10.0,,Salinas,Santa Elena,D,1,BEVERAGES,1120,0,Holiday,National,False,93.14
81,2013-01-01,25,258268,6.0,,Salinas,Santa Elena,D,1,EGGS,2502,1,Holiday,National,False,93.14
82,2013-01-01,25,258396,5.0,,Salinas,Santa Elena,D,1,GROCERY I,1010,0,Holiday,National,False,93.14
83,2013-01-01,25,260893,4.0,,Salinas,Santa Elena,D,1,GROCERY I,1072,0,Holiday,National,False,93.14
84,2013-01-01,25,261052,1.0,,Salinas,Santa Elena,D,1,GROCERY I,1072,0,Holiday,National,False,93.14
85,2013-01-01,25,261053,1.0,,Salinas,Santa Elena,D,1,GROCERY I,1072,0,Holiday,National,False,93.14
86,2013-01-01,25,261700,3.0,,Salinas,Santa Elena,D,1,GROCERY I,1048,0,Holiday,National,False,93.14
87,2013-01-01,25,262358,1.0,,Salinas,Santa Elena,D,1,GROCERY I,1044,0,Holiday,National,False,93.14
88,2013-01-01,25,265254,4.0,,Salinas,Santa Elena,D,1,GROCERY I,1016,0,Holiday,National,False,93.14
89,2013-01-01,25,265257,5.0,,Salinas,Santa Elena,D,1,GROCERY I,1016,0,Holiday,National,False,93.14
90,2013-01-01,25,265258,5.0,,Salinas,Santa Elena,D,1,GROCERY I,1016,0,Holiday,National,False,93.14
91,2013-01-01,25,265266,1.0,,Salinas,Santa Elena,D,1,PREPARED FOODS,2986,1,Holiday,National,False,93.14
92,2013-01-01,25,265559,2.0,,Salinas,Santa Elena,D,1,GROCERY I,1072,0,Holiday,National,False,93.14
93,2013-01-01,25,268440,1.0,,Salinas,Santa Elena,D,1,CLEANING,3026,0,Holiday,National,False,93.14
94,2013-01-01,25,268443,7.0,,Salinas,Santa Elena,D,1,CLEANING,3026,0,Holiday,National,False,93.14
95,2013-01-01,25,268664,2.0,,Salinas,Santa Elena,D,1,GROCERY I,1028,0,Holiday,National,False,93.14
96,2013-01-01,25,268676,3.0,,Salinas,Santa Elena,D,1,GROCERY I,1062,0,Holiday,National,False,93.14
97,2013-01-01,25,268834,2.0,,Salinas,Santa Elena,D,1,GROCERY I,1056,0,Holiday,National,False,93.14
98,2013-01-01,25,273528,2.0,,Salinas,Santa Elena,D,1,PERSONAL CARE,4114,0,Holiday,National,False,93.14
99,2013-01-01,25,275823,1.0,,Salinas,Santa Elena,D,1,CLEANING,3018,0,Holiday,National,False,93.14
100,2013-01-01,25,275826,1.0,,Salinas,Santa Elena,D,1,CLEANING,3018,0,Holiday,National,False,93.14
101,2013-01-01,25,279494,4.0,,Salinas,Santa Elena,D,1,GROCERY I,1062,0,Holiday,National,False,93.14
102,2013-01-01,25,302997,4.0,,Salinas,Santa Elena,D,1,GROCERY I,1096,0,Holiday,National,False,93.14
103,2013-01-01,25,305080,10.0,,Salinas,Santa Elena,D,1,GROCERY I,1045,0,Holiday,National,False,93.14
104,2013-01-01,25,305081,1.0,,Salinas,Santa Elena,D,1,GROCERY I,1045,0,Holiday,National,False,93.14
105,2013-01-01,25,305227,2.0,,Salinas,Santa Elena,D,1,GROCERY I,1013,0,Holiday,National,False,93.14
106,2013-01-01,25,305229,8.0,,Salinas,Santa Elena,D,1,GROCERY I,1014,0,Holiday,National,False,93.14
107,2013-01-01,25,305344,2.0,,Salinas,Santa Elena,D,1,GROCERY I,1092,0,Holiday,National,False,93.14
108,2013-01-01,25,308085,9.0,,Salinas,Santa Elena,D,1,BEVERAGES,1124,0,Holiday,National,False,93.14
109,2013-01-01,25,308726,4.0,,Salinas,Santa Elena,D,1,GROCERY I,1084,0,Holiday,National,False,93.14
110,2013-01-01,25,308916,1.0,,Salinas,Santa Elena,D,1,CLEANING,3004,0,Holiday,National,False,93.14
111,2013-01-01,25,310644,8.0,,Salinas,Santa Elena,D,1,BREAD/BAKERY,2702,1,Holiday,National,False,93.14
112,2013-01-01,25,311954,5.0,,Salinas,Santa Elena,D,1,CLEANING,3006,0,Holiday,National,False,93.14
113,2013-01-01,25,311994,22.589,,Salinas,Santa Elena,D,1,BREAD/BAKERY,2752,1,Holiday,National,False,93.14
114,2013-01-01,25,312324,1.0,,Salinas,Santa Elena,D,1,GROCERY I,1044,0,Holiday,National,False,93.14
115,2013-01-01,25,313641,1.0,,Salinas,Santa Elena,D,1,GROCERY I,1074,0,Holiday,National,False,93.14
116,2013-01-01,25,314384,8.0,,Salinas,Santa Elena,D,1,GROCERY I,1004,0,Holiday,National,False,93.14
117,2013-01-01,25,314393,2.0,,Salinas,Santa Elena,D,1,CLEANING,3032,0,Holiday,National,False,93.14
118,2013-01-01,25,314570,3.0,,Salinas,Santa Elena,D,1,CLEANING,3024,0,Holiday,National,False,93.14
119,2013-01-01,25,315176,14.0,,Salinas,Santa Elena,D,1,BEVERAGES,1124,0,Holiday,National,False,93.14
120,2013-01-01,25,315179,4.0,,Salinas,Santa Elena,D,1,BEVERAGES,1124,0,Holiday,National,False,93.14
121,2013-01-01,25,315220,2.0,,Salinas,Santa Elena,D,1,GROCERY I,1014,0,Holiday,National,False,93.14
122,2013-01-01,25,315277,5.0,,Salinas,Santa Elena,D,1,GROCERY I,1040,0,Holiday,National,False,93.14
123,2013-01-01,25,315320,1.0,,Salinas,Santa Elena,D,1,GROCERY I,1066,0,Holiday,National,False,93.14
124,2013-01-01,25,315322,1.0,,Salinas,Santa Elena,D,1,GROCERY I,1084,0,Holiday,National,False,93.14
125,2013-01-01,25,315460,2.0,,Salinas,Santa Elena,D,1,GROCERY I,1016,0,Holiday,National,False,93.14
126,2013-01-01,25,315463,14.0,,Salinas,Santa Elena,D,1,GROCERY II,1236,0,Holiday,National,False,93.14
127,2013-01-01,25,315474,5.0,,Salinas,Santa Elena,D,1,BREAD/BAKERY,2718,1,Holiday,National,False,93.14
128,2013-01-01,25,318787,2.0,,Salinas,Santa Elena,D,1,GROCERY I,1040,0,Holiday,National,False,93.14
129,2013-01-01,25,318847,3.0,,Salinas,Santa Elena,D,1,CLEANING,3026,0,Holiday,National,False,93.14
130,2013-01-01,25,319093,6.0,,Salinas,Santa Elena,D,1,DELI,2630,1,Holiday,National,False,93.14
131,2013-01-01,25,319094,1.0,,Salinas,Santa Elena,D,1,DELI,2632,1,Holiday,National,False,93.14
132,2013-01-01,25,320682,1.0,,Salinas,Santa Elena,D,1,GROCERY I,1080,0,Holiday,National,False,93.14
133,2013-01-01,25,323013,4.0,,Salinas,Santa Elena,D,1,GROCERY I,1058,0,Holiday,National,False,93.14
134,2013-01-01,25,323227,1.0,,Salinas,Santa Elena,D,1,GROCERY I,1030,0,Holiday,National,False,93.14
135,2013-01-01,25,323921,1.0,,Salinas,Santa Elena,D,1,PERSONAL CARE,4114,0,Holiday,National,False,93.14
136,2013-01-01,25,324206,3.0,,Salinas,Santa Elena,D,1,CLEANING,3022,0,Holiday,National,False,93.14
137,2013-01-01,25,329362,1.0,,Salinas,Santa Elena,D,1,GROCERY I,1032,0,Holiday,National,False,93.14
138,2013-01-01,25,329397,2.0,,Salinas,Santa Elena,D,1,DAIRY,2112,1,Holiday,National,False,93.14
139,2013-01-01,25,346066,2.0,,Salinas,Santa Elena,D,1,GROCERY I,1039,0,Holiday,National,False,93.14
140,2013-01-01,25,352513,1.0,,Salinas,Santa Elena,D,1,CLEANING,3012,0,Holiday,National,False,93.14
141,2013-01-01,25,355090,1.0,,Salinas,Santa Elena,D,1,GROCERY I,1024,0,Holiday,National,False,93.14
142,2013-01-01,25,358096,1.0,,Salinas,Santa Elena,D,1,GROCERY I,1002,0,Holiday,National,False,93.14
143,2013-01-01,25,358100,1.0,,Salinas,Santa Elena,D,1,GROCERY I,1010,0,Holiday,National,False,93.14
144,2013-01-01,25,358231,3.0,,Salinas,Santa Elena,D,1,CLEANING,3038,0,Holiday,National,False,93.14
145,2013-01-01,25,358515,2.0,,Salinas,Santa Elena,D,1,GROCERY I,1024,0,Holiday,National,False,93.14
146,2013-01-01,25,360314,5.0,,Salinas,Santa Elena,D,1,BREAD/BAKERY,2702,1,Holiday,National,False,93.14
147,2013-01-01,25,361502,4.0,,Salinas,Santa Elena,D,1,GROCERY I,1036,0,Holiday,National,False,93.14
148,2013-01-01,25,362035,2.0,,Salinas,Santa Elena,D,1,GROCERY I,1044,0,Holiday,National,False,93.14
149,2013-01-01,25,363868,2.0,,Salinas,Santa Elena,D,1,GROCERY I,1016,0,Holiday,National,False,93.14
150,2013-01-01,25,364413,1.0,,Salinas,Santa Elena,D,1,CLEANING,3032,0,Holiday,National,False,93.14
151,2013-01-01,25,364606,5.0,,Salinas,Santa Elena,D,1,GROCERY I,1014,0,Holiday,National,False,93.14
152,2013-01-01,25,364738,6.0,,Salinas,Santa Elena,D,1,BEVERAGES,1124,0,Holiday,National,False,93.14
153,2013-01-01,25,364829,1.0,,Salinas,Santa Elena,D,1,GROCERY I,1040,0,Holiday,National,False,93.14
154,2013-01-01,25,364834,1.0,,Salinas,Santa Elena,D,1,GROCERY I,1040,0,Holiday,National,False,93.14
155,2013-01-01,25,365138,4.0,,Salinas,Santa Elena,D,1,GROCERY I,1072,0,Holiday,National,False,93.14
156,2013-01-01,25,368140,15.0,,Salinas,Santa Elena,D,1,GROCERY I,1040,0,Holiday,National,False,93.14
157,2013-01-01,25,368424,1.0,,Salinas,Santa Elena,D,1,GROCERY I,1078,0,Holiday,National,False,93.14
158,2013-01-01,25,368624,1.0,,Salinas,Santa Elena,D,1,BEVERAGES,1122,0,Holiday,National,False,93.14
159,2013-01-01,25,368628,47.0,,Salinas,Santa Elena,D,1,BEVERAGES,1122,0,Holiday,National,False,93.14
160,2013-01-01,25,369432,2.0,,Salinas,Santa Elena,D,1,GROCERY I,1036,0,Holiday,National,False,93.14
161,2013-01-01,25,370042,5.0,,Salinas,Santa Elena,D,1,GROCERY I,1080,0,Holiday,National,False,93.14
162,2013-01-01,25,371437,1.0,,Salinas,Santa Elena,D,1,CLEANING,3020,0,Holiday,National,False,93.14
163,2013-01-01,25,372480,1.0,,Salinas,Santa Elena,D,1,GROCERY I,1072,0,Holiday,National,False,93.14
164,2013-01-01,25,373152,1.0,,Salinas,Santa Elena,D,1,PERSONAL CARE,4114,0,Holiday,National,False,93.14
165,2013-01-01,25,374464,7.0,,Salinas,Santa Elena,D,1,GROCERY I,1016,0,Holiday,National,False,93.14
166,2013-01-01,25,376427,1.0,,Salinas,Santa Elena,D,1,EGGS,2502,1,Holiday,National,False,93.14
167,2013-01-01,25,378685,8.0,,Salinas,Santa Elena,D,1,DAIRY,2102,1,Holiday,National,False,93.14
168,2013-01-01,25,402174,8.0,,Salinas,Santa Elena,D,1,GROCERY I,1096,0,Holiday,National,False,93.14
169,2013-01-01,25,406965,1.0,,Salinas,Santa Elena,D,1,CLEANING,3015,0,Holiday,National,False,93.14
170,2013-01-01,25,407769,1.0,,Salinas,Santa Elena,D,1,CLEANING,3024,0,Holiday,National,False,93.14
171,2013-01-01,25,410257,1.0,,Salinas,Santa Elena,D,1,GROCERY I,1072,0,Holiday,National,False,93.14
172,2013-01-01,25,410866,1.0,,Salinas,Santa Elena,D,1,PREPARED FOODS,2980,1,Holiday,National,False,93.14
173,2013-01-01,25,414305,6.0,,Salinas,Santa Elena,D,1,BEVERAGES,1124,0,Holiday,National,False,93.14
174,2013-01-01,25,414353,4.0,,Salinas,Santa Elena,D,1,GROCERY I,1014,0,Holiday,National,False,93.14
175,2013-01-01,25,414426,2.0,,Salinas,Santa Elena,D,1,GROCERY I,1040,0,Holiday,National,False,93.14
176,2013-01-01,25,414478,2.0,,Salinas,Santa Elena,D,1,BREAD/BAKERY,2718,1,Holiday,National,False,93.14
177,2013-01-01,25,414621,26.0,,Salinas,Santa Elena,D,1,GROCERY I,1016,0,Holiday,National,False,93.14
178,2013-01-01,25,414623,1.0,,Salinas,Santa Elena,D,1,GROCERY I,1016,0,Holiday,National,False,93.14
179,2013-01-01,25,414750,1.0,,Salinas,Santa Elena,D,1,GROCERY I,1072,0,Holiday,National,False,93.14
180,2013-01-01,25,414752,1.0,,Salinas,Santa Elena,D,1,GROCERY I,1072,0,Holiday,National,False,93.14
181,2013-01-01,25,414888,1.0,,Salinas,Santa Elena,D,1,CLEANING,3090,0,Holiday,National,False,93.14
182,2013-01-01,25,417765,2.0,,Salinas,Santa Elena,D,1,CLEANING,3026,0,Holiday,National,False,93.14
183,2013-01-01,25,417835,1.0,,Salinas,Santa Elena,D,1,GROCERY I,1028,0,Holiday,National,False,93.14
184,2013-01-01,25,418235,23.0,,Salinas,Santa Elena,D,1,BEVERAGES,1122,0,Holiday,National,False,93.14
185,2013-01-01,25,420720,2.0,,Salinas,Santa Elena,D,1,DAIRY,2116,1,Holiday,National,False,93.14
186,2013-01-01,25,422452,1.0,,Salinas,Santa Elena,D,1,GROCERY I,1032,0,Holiday,National,False,93.14
187,2013-01-01,25,426155,3.0,,Salinas,Santa Elena,D,1,PREPARED FOODS,2962,1,Holiday,National,False,93.14
188,2013-01-01,25,428488,1.0,,Salinas,Santa Elena,D,1,CLEANING,3030,0,Holiday,National,False,93.14
189,2013-01-01,25,452212,26.0,,Salinas,Santa Elena,D,1,BREAD/BAKERY,2702,1,Holiday,National,False,93.14
190,2013-01-01,25,456870,1.0,,Salinas,Santa Elena,D,1,GROCERY I,1010,0,Holiday,National,False,93.14
191,2013-01-01,25,456875,1.0,,Salinas,Santa Elena,D,1,CLEANING,3015,0,Holiday,National,False,93.14
192,2013-01-01,25,457424,7.0,,Salinas,Santa Elena,D,1,EGGS,2502,1,Holiday,National,False,93.14
193,2013-01-01,25,457425,1.0,,Salinas,Santa Elena,D,1,EGGS,2502,1,Holiday,National,False,93.14
194,2013-01-01,25,457574,8.655,,Salinas,Santa Elena,D,1,FROZEN FOODS,2226,0,Holiday,National,False,93.14
195,2013-01-01,25,457688,2.0,,Salinas,Santa Elena,D,1,CLEANING,3038,0,Holiday,National,False,93.14
196,2013-01-01,25,457928,3.052,,Salinas,Santa Elena,D,1,POULTRY,2416,1,Holiday,National,False,93.14
197,2013-01-01,25,458029,4.0,,Salinas,Santa Elena,D,1,CLEANING,3004,0,Holiday,National,False,93.14
198,2013-01-01,25,459762,5.0,,Salinas,Santa Elena,D,1,BREAD/BAKERY,2708,1,Holiday,National,False,93.14
199,2013-01-01,25,462673,1.0,,Salinas,Santa Elena,D,1,GROCERY I,1048,0,Holiday,National,False,93.14
200,2013-01-01,25,463598,3.0,,Salinas,Santa Elena,D,1,CLEANING,3024,0,Holiday,National,False,93.14
201,2013-01-01,25,464263,2.0,,Salinas,Santa Elena,D,1,GROCERY I,1014,0,Holiday,National,False,93.14
202,2013-01-01,25,464333,1.0,,Salinas,Santa Elena,D,1,GROCERY I,1040,0,Holiday,National,False,93.14
203,2013-01-01,25,464336,2.0,,Salinas,Santa Elena,D,1,GROCERY I,1040,0,Holiday,National,False,93.14
204,2013-01-01,25,464339,1.0,,Salinas,Santa Elena,D,1,GROCERY I,1040,0,Holiday,National,False,93.14
205,2013-01-01,25,464374,2.0,,Salinas,Santa Elena,D,1,BEVERAGES,1124,0,Holiday,National,False,93.14
206,2013-01-01,25,464385,7.0,,Salinas,Santa Elena,D,1,BREAD/BAKERY,2718,1,Holiday,National,False,93.14
207,2013-01-01,25,464536,20.0,,Salinas,Santa Elena,D,1,GROCERY I,1016,0,Holiday,National,False,93.14
208,2013-01-01,25,464906,1.0,,Salinas,Santa Elena,D,1,GROCERY I,1012,0,Holiday,National,False,93.14
209,2013-01-01,25,468058,1.0,,Salinas,Santa Elena,D,1,DELI,2644,1,Holiday,National,False,93.14
210,2013-01-01,25,470625,1.0,,Salinas,Santa Elena,D,1,CLEANING,3046,0,Holiday,National,False,93.14
211,2013-01-01,25,471985,4.0,,Salinas,Santa Elena,D,1,DAIRY,2114,1,Holiday,National,False,93.14
212,2013-01-01,25,472526,1.0,,Salinas,Santa Elena,D,1,GROCERY I,1026,0,Holiday,National,False,93.14
213,2013-01-01,25,502182,1.0,,Salinas,Santa Elena,D,1,BREAD/BAKERY,2716,1,Holiday,National,False,93.14
214,2013-01-01,25,502227,4.0,,Salinas,Santa Elena,D,1,GROCERY I,1096,0,Holiday,National,False,93.14
215,2013-01-01,25,502331,30.0,,Salinas,Santa Elena,D,1,BREAD/BAKERY,2702,1,Holiday,National,False,93.14
216,2013-01-01,25,507457,1.0,,Salinas,Santa Elena,D,1,FROZEN FOODS,2218,0,Holiday,National,False,93.14
217,2013-01-01,25,507478,3.0,,Salinas,Santa Elena,D,1,EGGS,2502,1,Holiday,National,False,93.14
218,2013-01-01,25,507479,1.0,,Salinas,Santa Elena,D,1,EGGS,2502,1,Holiday,National,False,93.14
219,2013-01-01,25,507867,2.0,,Salinas,Santa Elena,D,1,GROCERY I,1070,0,Holiday,National,False,93.14
220,2013-01-01,25,507927,1.0,,Salinas,Santa Elena,D,1,CLEANING,3004,0,Holiday,National,False,93.14
221,2013-01-01,25,509877,1.0,,Salinas,Santa Elena,D,1,LINGERIE,7034,0,Holiday,National,False,93.14
222,2013-01-01,25,510054,7.0,,Salinas,Santa Elena,D,1,GROCERY I,1072,0,Holiday,National,False,93.14
223,2013-01-01,25,510055,2.0,,Salinas,Santa Elena,D,1,GROCERY I,1072,0,Holiday,National,False,93.14
224,2013-01-01,25,514172,4.0,,Salinas,Santa Elena,D,1,BEVERAGES,1124,0,Holiday,National,False,93.14
225,2013-01-01,25,514242,4.0,,Salinas,Santa Elena,D,1,GROCERY I,1026,0,Holiday,National,False,93.14
226,2013-01-01,25,514327,7.0,,Salinas,Santa Elena,D,1,PREPARED FOODS,2986,1,Holiday,National,False,93.14
227,2013-01-01,25,517903,1.0,,Salinas,Santa Elena,D,1,DELI,2632,1,Holiday,National,False,93.14
228,2013-01-01,25,518091,42.0,,Salinas,Santa Elena,D,1,BEVERAGES,1122,0,Holiday,National,False,93.14
229,2013-01-01,25,518094,12.0,,Salinas,Santa Elena,D,1,BEVERAGES,1122,0,Holiday,National,False,93.14
230,2013-01-01,25,519560,3.63,,Salinas,Santa Elena,D,1,DELI,2662,1,Holiday,National,False,93.14
231,2013-01-01,25,521818,1.0,,Salinas,Santa Elena,D,1,GROCERY I,1058,0,Holiday,National,False,93.14
232,2013-01-01,25,522721,1.0,,Salinas,Santa Elena,D,1,CLEANING,3016,0,Holiday,National,False,93.14
233,2013-01-01,25,552050,3.0,,Salinas,Santa Elena,D,1,BREAD/BAKERY,2716,1,Holiday,National,False,93.14
234,2013-01-01,25,554047,2.0,,Salinas,Santa Elena,D,1,GROCERY I,1044,0,Holiday,National,False,93.14
235,2013-01-01,25,554049,1.0,,Salinas,Santa Elena,D,1,GROCERY I,1045,0,Holiday,National,False,93.14
236,2013-01-01,25,556698,2.0,,Salinas,Santa Elena,D,1,BEVERAGES,1120,0,Holiday,National,False,93.14
237,2013-01-01,25,557256,10.0,,Salinas,Santa Elena,D,1,EGGS,2502,1,Holiday,National,False,93.14
238,2013-01-01,25,557257,7.0,,Salinas,Santa Elena,D,1,EGGS,2502,1,Holiday,National,False,93.14
239,2013-01-01,25,557285,8.0,,Salinas,Santa Elena,D,1,DELI,2630,1,Holiday,National,False,93.14
240,2013-01-01,25,557408,3.0,,Salinas,Santa Elena,D,1,DAIRY,2142,1,Holiday,National,False,93.14
241,2013-01-01,25,557420,5.0,,Salinas,Santa Elena,D,1,PREPARED FOODS,2960,1,Holiday,National,False,93.14
242,2013-01-01,25,558730,1.0,,Salinas,Santa Elena,D,1,DAIRY,2112,1,Holiday,National,False,93.14
243,2013-01-01,25,559044,5.0,,Salinas,Santa Elena,D,1,BREAD/BAKERY,2716,1,Holiday,National,False,93.14
244,2013-01-01,25,559870,16.0,,Salinas,Santa Elena,D,1,GROCERY I,1072,0,Holiday,National,False,93.14
245,2013-01-01,25,559873,10.0,,Salinas,Santa Elena,D,1,GROCERY I,1072,0,Holiday,National,False,93.14
246,2013-01-01,25,563966,3.0,,Salinas,Santa Elena,D,1,BEVERAGES,1124,0,Holiday,National,False,93.14
247,2013-01-01,25,564272,3.0,,Salinas,Santa Elena,D,1,GROCERY I,1016,0,Holiday,National,False,93.14
248,2013-01-01,25,564274,4.0,,Salinas,Santa Elena,D,1,GROCERY I,1016,0,Holiday,National,False,93.14
249,2013-01-01,25,564533,1.0,,Salinas,Santa Elena,D,1,GROCERY I,1012,0,Holiday,National,False,93.14
250,2013-01-01,25,567623,4.0,,Salinas,Santa Elena,D,1,GROCERY I,1040,0,Holiday,National,False,93.14
251,2013-01-01,25,567778,2.0,,Salinas,Santa Elena,D,1,DELI,2630,1,Holiday,National,False,93.14
252,2013-01-01,25,567781,2.0,,Salinas,Santa Elena,D,1,DELI,2636,1,Holiday,National,False,93.14
253,2013-01-01,25,567787,2.0,,Salinas,Santa Elena,D,1,GROCERY I,1078,0,Holiday,National,False,93.14
254,2013-01-01,25,568133,1.0,,Salinas,Santa Elena,D,1,BEVERAGES,1122,0,Holiday,National,False,93.14
255,2013-01-01,25,575863,1.0,,Salinas,Santa Elena,D,1,GROCERY I,1032,0,Holiday,National,False,93.14
256,2013-01-01,25,575875,4.0,,Salinas,Santa Elena,D,1,EGGS,2502,1,Holiday,National,False,93.14
257,2013-01-01,25,577745,1.0,,Salinas,Santa Elena,D,1,GROCERY I,1032,0,Holiday,National,False,93.14
258,2013-01-01,25,578097,3.0,,Salinas,Santa Elena,D,1,DAIRY,2102,1,Holiday,National,False,93.14
259,2013-01-01,25,580929,3.0,,Salinas,Santa Elena,D,1,GROCERY I,1004,0,Holiday,National,False,93.14
260,2013-01-01,25,581078,5.0,,Salinas,Santa Elena,D,1,CLEANING,3038,0,Holiday,National,False,93.14
261,2013-01-01,25,582863,1.038,,Salinas,Santa Elena,D,1,MEATS,2302,1,Holiday,National,False,93.14
262,2013-01-01,25,582864,23.749,,Salinas,Santa Elena,D,1,MEATS,2302,1,Holiday,National,False,93.14
263,2013-01-01,25,583795,5.902,,Salinas,Santa Elena,D,1,MEATS,2302,1,Holiday,National,False,93.14
264,2013-01-01,25,583797,2.054,,Salinas,Santa Elena,D,1,MEATS,2302,1,Holiday,National,False,93.14
265,2013-01-01,25,583799,1.747,,Salinas,Santa Elena,D,1,MEATS,2302,1,Holiday,National,False,93.14
266,2013-01-01,25,583868,1.466,,Salinas,Santa Elena,D,1,MEATS,2302,1,Holiday,National,False,93.14
267,2013-01-01,25,583925,1.638,,Salinas,Santa Elena,D,1,MEATS,2302,1,Holiday,National,False,93.14
268,2013-01-01,25,583927,3.4,,Salinas,Santa Elena,D,1,MEATS,2302,1,Holiday,National,False,93.14
269,2013-01-01,25,583931,2.859,,Salinas,Santa Elena,D,1,MEATS,2302,1,Holiday,National,False,93.14
270,2013-01-01,25,583968,1.612,,Salinas,Santa Elena,D,1,MEATS,2302,1,Holiday,National,False,93.14
271,2013-01-01,25,583973,1.71,,Salinas,Santa Elena,D,1,MEATS,2302,1,Holiday,National,False,93.14
272,2013-01-01,25,584026,1.447,,Salinas,Santa Elena,D,1,MEATS,2302,1,Holiday,National,False,93.14
273,2013-01-01,25,584028,5.03,,Salinas,Santa Elena,D,1,MEATS,2302,1,Holiday,National,False,93.14
274,2013-01-01,25,584076,2.873,,Salinas,Santa Elena,D,1,MEATS,2302,1,Holiday,National,False,93.14
275,2013-01-01,25,584078,4.296,,Salinas,Santa Elena,D,1,MEATS,2302,1,Holiday,National,False,93.14
276,2013-01-01,25,584188,0.714,,Salinas,Santa Elena,D,1,MEATS,2302,1,Holiday,National,False,93.14
277,2013-01-01,25,586969,1.0,,Salinas,Santa Elena,D,1,GROCERY I,1004,0,Holiday,National,False,93.14
278,2013-01-01,25,587069,1.0,,Salinas,Santa Elena,D,1,GROCERY I,1004,0,Holiday,National,False,93.14
279,2013-01-01,25,587156,1.0,,Salinas,Santa Elena,D,1,CLEANING,3026,0,Holiday,National,False,93.14
280,2013-01-01,25,587186,2.0,,Salinas,Santa Elena,D,1,CLEANING,3026,0,Holiday,National,False,93.14
281,2013-01-01,25,594045,7.0,,Salinas,Santa Elena,D,1,BREAD/BAKERY,2718,1,Holiday,National,False,93.14
282,2013-01-01,25,617092,1.0,,Salinas,Santa Elena,D,1,EGGS,2502,1,Holiday,National,False,93.14
283,2013-01-01,25,617548,2.0,,Salinas,Santa Elena,D,1,PERSONAL CARE,4122,0,Holiday,National,False,93.14
284,2013-01-01,25,621300,1.0,,Salinas,Santa Elena,D,1,GROCERY I,1040,0,Holiday,National,False,93.14
285,2013-01-01,25,623316,1.549,,Salinas,Santa Elena,D,1,MEATS,2302,1,Holiday,National,False,93.14
286,2013-01-01,25,627263,2.0,,Salinas,Santa Elena,D,1,GROCERY I,1026,0,Holiday,National,False,93.14
287,2013-01-01,25,633997,10.543,,Salinas,Santa Elena,D,1,MEATS,2306,1,Holiday,National,False,93.14
288,2013-01-01,25,634009,0.833,,Salinas,Santa Elena,D,1,MEATS,2306,1,Holiday,National,False,93.14
289,2013-01-01,25,634010,0.64,,Salinas,Santa Elena,D,1,MEATS,2306,1,Holiday,National,False,93.14
290,2013-01-01,25,634014,0.502,,Salinas,Santa Elena,D,1,MEATS,2306,1,Holiday,National,False,93.14
291,2013-01-01,25,634054,2.852,,Salinas,Santa Elena,D,1,MEATS,2306,1,Holiday,National,False,93.14
292,2013-01-01,25,636846,1.0,,Salinas,Santa Elena,D,1,GROCERY I,1028,0,Holiday,National,False,93.14
293,2013-01-01,25,637016,5.0,,Salinas,Santa Elena,D,1,GROCERY I,1078,0,Holiday,National,False,93.14
294,2013-01-01,25,638240,1.0,,Salinas,Santa Elena,D,1,CLEANING,3020,0,Holiday,National,False,93.14
295,2013-01-01,25,638308,1.0,,Salinas,Santa Elena,D,1,GROCERY I,1062,0,Holiday,National,False,93.14
296,2013-01-01,25,638327,2.0,,Salinas,Santa Elena,D,1,GROCERY I,1084,0,Holiday,National,False,93.14
297,2013-01-01,25,641042,10.0,,Salinas,Santa Elena,D,1,GROCERY I,1026,0,Holiday,National,False,93.14
298,2013-01-01,25,651523,3.0,,Salinas,Santa Elena,D,1,GROCERY I,1004,0,Holiday,National,False,93.14
299,2013-01-01,25,655840,3.0,,Salinas,Santa Elena,D,1,LINGERIE,7034,0,Holiday,National,False,93.14
300,2013-01-01,25,657869,1.0,,Salinas,Santa Elena,D,1,GROCERY I,1004,0,Holiday,National,False,93.14
301,2013-01-01,25,660502,2.0,,Salinas,Santa Elena,D,1,GROCERY I,1004,0,Holiday,National,False,93.14
302,2013-01-01,25,660503,1.0,,Salinas,Santa Elena,D,1,DAIRY,2124,1,Holiday,National,False,93.14
303,2013-01-01,25,664539,3.0,,Salinas,Santa Elena,D,1,PERSONAL CARE,4126,0,Holiday,National,False,93.14
304,2013-01-01,25,668754,1.0,,Salinas,Santa Elena,D,1,CLEANING,3016,0,Holiday,National,False,93.14
305,2013-01-01,25,671039,13.0,,Salinas,Santa Elena,D,1,BEVERAGES,1122,0,Holiday,National,False,93.14
306,2013-01-01,25,671051,11.0,,Salinas,Santa Elena,D,1,DELI,2630,1,Holiday,National,False,93.14
307,2013-01-01,25,671062,3.0,,Salinas,Santa Elena,D,1,DELI,2636,1,Holiday,National,False,93.14
308,2013-01-01,25,671076,3.0,,Salinas,Santa Elena,D,1,DELI,2644,1,Holiday,National,False,93.14
309,2013-01-01,25,671079,4.0,,Salinas,Santa Elena,D,1,DELI,2644,1,Holiday,National,False,93.14
310,2013-01-01,25,671083,5.0,,Salinas,Santa Elena,D,1,DELI,2644,1,Holiday,National,False,93.14
311,2013-01-01,25,671684,1.0,,Salinas,Santa Elena,D,1,DELI,2644,1,Holiday,National,False,93.14
312,2013-01-01,25,671699,0.88,,Salinas,Santa Elena,D,1,DELI,2662,1,Holiday,National,False,93.14
313,2013-01-01,25,671706,2.548,,Salinas,Santa Elena,D,1,DELI,2664,1,Holiday,National,False,93.14
314,2013-01-01,25,671708,1.81,,Salinas,Santa Elena,D,1,DELI,2664,1,Holiday,National,False,93.14
315,2013-01-01,25,679442,6.0,,Salinas,Santa Elena,D,1,BEVERAGES,1120,0,Holiday,National,False,93.14
316,2013-01-01,25,679602,1.0,,Salinas,Santa Elena,D,1,BREAD/BAKERY,2712,1,Holiday,National,False,93.14
317,2013-01-01,25,683722,1.0,,Salinas,Santa Elena,D,1,GROCERY I,1062,0,Holiday,National,False,93.14
318,2013-01-01,25,683723,1.0,,Salinas,Santa Elena,D,1,GROCERY I,1062,0,Holiday,National,False,93.14
319,2013-01-01,25,692104,2.0,,Salinas,Santa Elena,D,1,CLEANING,3014,0,Holiday,National,False,93.14
320,2013-01-01,25,692531,2.0,,Salinas,Santa Elena,D,1,GROCERY I,1040,0,Holiday,National,False,93.14
321,2013-01-01,25,692537,11.0,,Salinas,Santa Elena,D,1,GROCERY I,1040,0,Holiday,National,False,93.14
322,2013-01-01,25,699692,11.28,,Salinas,Santa Elena,D,1,MEATS,2302,1,Holiday,National,False,93.14
323,2013-01-01,25,699693,3.702,,Salinas,Santa Elena,D,1,MEATS,2302,1,Holiday,National,False,93.14
324,2013-01-01,25,699703,0.528,,Salinas,Santa Elena,D,1,MEATS,2302,1,Holiday,National,False,93.14
325,2013-01-01,25,700609,4.0,,Salinas,Santa Elena,D,1,FROZEN FOODS,2220,0,Holiday,National,False,93.14
326,2013-01-01,25,716250,13.0,,Salinas,Santa Elena,D,1,BEVERAGES,1120,0,Holiday,National,False,93.14
327,2013-01-01,25,723184,2.0,,Salinas,Santa Elena,D,1,DAIRY,2116,1,Holiday,National,False,93.14
328,2013-01-01,25,723210,1.0,,Salinas,Santa Elena,D,1,DAIRY,2124,1,Holiday,National,False,93.14
329,2013-01-01,25,724003,1.0,,Salinas,Santa Elena,D,1,GROCERY I,1026,0,Holiday,National,False,93.14
330,2013-01-01,25,730258,15.0,,Salinas,Santa Elena,D,1,BEVERAGES,1122,0,Holiday,National,False,93.14
331,2013-01-01,25,730259,20.0,,Salinas,Santa Elena,D,1,BEVERAGES,1122,0,Holiday,National,False,93.14
332,2013-01-01,25,732006,1.0,,Salinas,Santa Elena,D,1,DELI,2642,1,Holiday,National,False,93.14
333,2013-01-01,25,732007,2.0,,Salinas,Santa Elena,D,1,DELI,2642,1,Holiday,National,False,93.14
334,2013-01-01,25,740713,1.0,,Salinas,Santa Elena,D,1,CLEANING,3032,0,Holiday,National,False,93.14
335,2013-01-01,25,740714,1.0,,Salinas,Santa Elena,D,1,CLEANING,3032,0,Holiday,National,False,93.14
336,2013-01-01,25,742735,1.0,,Salinas,Santa Elena,D,1,PERSONAL CARE,4126,0,Holiday,National,False,93.14
337,2013-01-01,25,742738,1.0,,Salinas,Santa Elena,D,1,PERSONAL CARE,4126,0,Holiday,National,False,93.14
338,2013-01-01,25,743494,3.0,,Salinas,Santa Elena,D,1,CLEANING,3022,0,Holiday,National,False,93.14
339,2013-01-01,25,743496,1.0,,Salinas,Santa Elena,D,1,FROZEN FOODS,2222,0,Holiday,National,False,93.14
340,2013-01-01,25,743497,1.0,,Salinas,Santa Elena,D,1,FROZEN FOODS,2222,0,Holiday,National,False,93.14
341,2013-01-01,25,749421,7.0,,Salinas,Santa Elena,D,1,GROCERY I,1010,0,Holiday,National,False,93.14
342,2013-01-01,25,749720,3.0,,Salinas,Santa Elena,D,1,GROCERY I,1010,0,Holiday,National,False,93.14
343,2013-01-01,25,752987,3.0,,Salinas,Santa Elena,D,1,DAIRY,2116,1,Holiday,National,False,93.14
344,2013-01-01,25,757880,3.0,,Salinas,Santa Elena,D,1,GROCERY I,1004,0,Holiday,National,False,93.14
345,2013-01-01,25,758861,11.0,,Salinas,Santa Elena,D,1,DAIRY,2116,1,Holiday,National,False,93.14
346,2013-01-01,25,759651,2.0,,Salinas,Santa Elena,D,1,PERSONAL CARE,4126,0,Holiday,National,False,93.14
347,2013-01-01,25,759697,2.0,,Salinas,Santa Elena,D,1,BEVERAGES,1124,0,Holiday,National,False,93.14
348,2013-01-01,25,759698,9.0,,Salinas,Santa Elena,D,1,BEVERAGES,1124,0,Holiday,National,False,93.14
349,2013-01-01,25,759893,3.0,,Salinas,Santa Elena,D,1,CLEANING,3032,0,Holiday,National,False,93.14
350,2013-01-01,25,762405,1.0,,Salinas,Santa Elena,D,1,CLEANING,3030,0,Holiday,National,False,93.14
351,2013-01-01,25,765092,6.442,,Salinas,Santa Elena,D,1,POULTRY,2416,1,Holiday,National,False,93.14
352,2013-01-01,25,765518,2.0,,Salinas,Santa Elena,D,1,GROCERY I,1060,0,Holiday,National,False,93.14
353,2013-01-01,25,767183,4.0,,Salinas,Santa Elena,D,1,GROCERY I,1039,0,Holiday,National,False,93.14
354,2013-01-01,25,769312,2.0,,Salinas,Santa Elena,D,1,CLEANING,3020,0,Holiday,National,False,93.14
355,2013-01-01,25,769314,3.0,,Salinas,Santa Elena,D,1,CLEANING,3020,0,Holiday,National,False,93.14
356,2013-01-01,25,771156,1.0,,Salinas,Santa Elena,D,1,CLEANING,3034,0,Holiday,National,False,93.14
357,2013-01-01,25,779122,1.0,,Salinas,Santa Elena,D,1,GROCERY II,1236,0,Holiday,National,False,93.14
358,2013-01-01,25,781794,1.0,,Salinas,Santa Elena,D,1,FROZEN FOODS,2228,0,Holiday,National,False,93.14
359,2013-01-01,25,781796,4.0,,Salinas,Santa Elena,D,1,FROZEN FOODS,2228,0,Holiday,National,False,93.14
360,2013-01-01,25,781797,2.0,,Salinas,Santa Elena,D,1,FROZEN FOODS,2228,0,Holiday,National,False,93.14
361,2013-01-01,25,781798,2.0,,Salinas,Santa Elena,D,1,FROZEN FOODS,2228,0,Holiday,National,False,93.14
362,2013-01-01,25,783243,5.0,,Salinas,Santa Elena,D,1,GROCERY I,1016,0,Holiday,National,False,93.14
363,2013-01-01,25,789223,2.0,,Salinas,Santa Elena,D,1,CLEANING,3046,0,Holiday,National,False,93.14
364,2013-01-01,25,789224,1.0,,Salinas,Santa Elena,D,1,CLEANING,3046,0,Holiday,National,False,93.14
365,2013-01-01,25,789905,5.0,,Salinas,Santa Elena,D,1,DAIRY,2102,1,Holiday,National,False,93.14
366,2013-01-01,25,795612,1.0,,Salinas,Santa Elena,D,1,FROZEN FOODS,2220,0,Holiday,National,False,93.14
367,2013-01-01,25,796396,5.0,,Salinas,Santa Elena,D,1,CLEANING,3046,0,Holiday,National,False,93.14
368,2013-01-01,25,801217,3.0,,Salinas,Santa Elena,D,1,CLEANING,3034,0,Holiday,National,False,93.14
369,2013-01-01,25,802832,2.0,,Salinas,Santa Elena,D,1,GROCERY I,1045,0,Holiday,National,False,93.14
370,2013-01-01,25,802833,1.0,,Salinas,Santa Elena,D,1,GROCERY I,1045,0,Holiday,National,False,93.14
371,2013-01-01,25,804932,1.0,,Salinas,Santa Elena,D,1,BEVERAGES,1122,0,Holiday,National,False,93.14
372,2013-01-01,25,805788,1.0,,Salinas,Santa Elena,D,1,GROCERY I,1028,0,Holiday,National,False,93.14
373,2013-01-01,25,807493,6.0,,Salinas,Santa Elena,D,1,BEVERAGES,1124,0,Holiday,National,False,93.14
374,2013-01-01,25,809183,1.0,,Salinas,Santa Elena,D,1,DAIRY,2124,1,Holiday,National,False,93.14
375,2013-01-01,25,812716,9.0,,Salinas,Santa Elena,D,1,"LIQUOR,WINE,BEER",1318,0,Holiday,National,False,93.14
376,2013-01-01,25,812751,8.0,,Salinas,Santa Elena,D,1,"LIQUOR,WINE,BEER",1318,0,Holiday,National,False,93.14
377,2013-01-01,25,812769,3.0,,Salinas,Santa Elena,D,1,"LIQUOR,WINE,BEER",1318,0,Holiday,National,False,93.14
378,2013-01-01,25,816606,1.0,,Salinas,Santa Elena,D,1,PERSONAL CARE,4126,0,Holiday,National,False,93.14
379,2013-01-01,25,819194,2.0,,Salinas,Santa Elena,D,1,GROCERY I,1002,0,Holiday,National,False,93.14
380,2013-01-01,25,819195,2.0,,Salinas,Santa Elena,D,1,GROCERY I,1002,0,Holiday,National,False,93.14
381,2013-01-01,25,819206,0.502,,Salinas,Santa Elena,D,1,MEATS,2304,1,Holiday,National,False,93.14
382,2013-01-01,25,819209,1.788,,Salinas,Santa Elena,D,1,MEATS,2304,1,Holiday,National,False,93.14
383,2013-01-01,25,819231,1.055,,Salinas,Santa Elena,D,1,MEATS,2304,1,Holiday,National,False,93.14
384,2013-01-01,25,823245,2.0,,Salinas,Santa Elena,D,1,BREAD/BAKERY,2708,1,Holiday,National,False,93.14
385,2013-01-01,25,827911,2.0,,Salinas,Santa Elena,D,1,GROCERY I,1096,0,Holiday,National,False,93.14
386,2013-01-01,25,828204,3.0,,Salinas,Santa Elena,D,1,GROCERY I,1060,0,Holiday,National,False,93.14
387,2013-01-01,25,828632,1.0,,Salinas,Santa Elena,D,1,DELI,2644,1,Holiday,National,False,93.14
388,2013-01-01,25,829389,1.0,,Salinas,Santa Elena,D,1,GROCERY I,1025,0,Holiday,National,False,93.14
389,2013-01-01,25,830624,2.0,,Salinas,Santa Elena,D,1,CLEANING,3032,0,Holiday,National,False,93.14
390,2013-01-01,25,830625,2.0,,Salinas,Santa Elena,D,1,CLEANING,3032,0,Holiday,National,False,93.14
391,2013-01-01,25,830797,2.0,,Salinas,Santa Elena,D,1,GROCERY I,1074,0,Holiday,National,False,93.14
392,2013-01-01,25,838215,4.0,,Salinas,Santa Elena,D,1,DAIRY,2124,1,Holiday,National,False,93.14
393,2013-01-01,25,838216,4.0,,Salinas,Santa Elena,D,1,DAIRY,2124,1,Holiday,National,False,93.14
394,2013-01-01,25,838217,1.0,,Salinas,Santa Elena,D,1,DAIRY,2124,1,Holiday,National,False,93.14
395,2013-01-01,25,838406,2.0,,Salinas,Santa Elena,D,1,DAIRY,2124,1,Holiday,National,False,93.14
396,2013-01-01,25,838407,5.0,,Salinas,Santa Elena,D,1,DAIRY,2124,1,Holiday,National,False,93.14
397,2013-01-01,25,838408,1.0,,Salinas,Santa Elena,D,1,DAIRY,2124,1,Holiday,National,False,93.14
398,2013-01-01,25,839362,6.0,,Salinas,Santa Elena,D,1,BEVERAGES,1124,0,Holiday,National,False,93.14
399,2013-01-01,25,839363,12.0,,Salinas,Santa Elena,D,1,BEVERAGES,1124,0,Holiday,National,False,93.14
400,2013-01-01,25,839544,1.0,,Salinas,Santa Elena,D,1,DAIRY,2142,1,Holiday,National,False,93.14
401,2013-01-01,25,839545,2.0,,Salinas,Santa Elena,D,1,DAIRY,2142,1,Holiday,National,False,93.14
402,2013-01-01,25,841197,5.0,,Salinas,Santa Elena,D,1,BREAD/BAKERY,2708,1,Holiday,National,False,93.14
403,2013-01-01,25,841612,4.0,,Salinas,Santa Elena,D,1,CLEANING,3038,0,Holiday,National,False,93.14
404,2013-01-01,25,841841,3.0,,Salinas,Santa Elena,D,1,GROCERY I,1072,0,Holiday,National,False,93.14
405,2013-01-01,25,843462,3.0,,Salinas,Santa Elena,D,1,DELI,2636,1,Holiday,National,False,93.14
406,2013-01-01,25,843585,2.0,,Salinas,Santa Elena,D,1,GROCERY I,1016,0,Holiday,National,False,93.14
407,2013-01-01,25,844017,5.0,,Salinas,Santa Elena,D,1,DELI,2632,1,Holiday,National,False,93.14
408,2013-01-01,25,844019,1.222,,Salinas,Santa Elena,D,1,DELI,2662,1,Holiday,National,False,93.14
409,2013-01-01,25,847859,12.0,,Salinas,Santa Elena,D,1,BEVERAGES,1122,0,Holiday,National,False,93.14
410,2013-01-01,25,847863,2.0,,Salinas,Santa Elena,D,1,GROCERY I,1058,0,Holiday,National,False,93.14
411,2013-01-01,25,847894,3.0,,Salinas,Santa Elena,D,1,BREAD/BAKERY,2708,1,Holiday,National,False,93.14
412,2013-01-01,25,848765,1.0,,Salinas,Santa Elena,D,1,GROCERY I,1058,0,Holiday,National,False,93.14
413,2013-01-01,25,848953,2.0,,Salinas,Santa Elena,D,1,CLEANING,3016,0,Holiday,National,False,93.14
414,2013-01-01,25,849098,2.0,,Salinas,Santa Elena,D,1,DAIRY,2116,1,Holiday,National,False,93.14
415,2013-01-01,25,850333,1.0,,Salinas,Santa Elena,D,1,GROCERY I,1084,0,Holiday,National,False,93.14
416,2013-01-01,25,850460,4.0,,Salinas,Santa Elena,D,1,GROCERY I,1008,0,Holiday,National,False,93.14
417,2013-01-01,25,851982,3.0,,Salinas,Santa Elena,D,1,PERSONAL CARE,4114,0,Holiday,National,False,93.14
418,2013-01-01,25,852620,2.0,,Salinas,Santa Elena,D,1,CLEANING,3024,0,Holiday,National,False,93.14
419,2013-01-01,25,856687,3.0,,Salinas,Santa Elena,D,1,GROCERY I,1030,0,Holiday,National,False,93.14
420,2013-01-01,25,859529,1.0,,Salinas,Santa Elena,D,1,GROCERY I,1006,0,Holiday,National,False,93.14
421,2013-01-01,25,859932,2.0,,Salinas,Santa Elena,D,1,CLEANING,3022,0,Holiday,National,False,93.14
422,2013-01-01,25,860548,1.0,,Salinas,Santa Elena,D,1,DAIRY,2142,1,Holiday,National,False,93.14
423,2013-01-01,25,862213,1.0,,Salinas,Santa Elena,D,1,DAIRY,2116,1,Holiday,National,False,93.14
424,2013-01-01,25,862454,9.0,,Salinas,Santa Elena,D,1,GROCERY I,1088,0,Holiday,National,False,93.14
425,2013-01-01,25,864510,5.0,,Salinas,Santa Elena,D,1,GROCERY I,1048,0,Holiday,National,False,93.14
426,2013-01-01,25,868529,4.0,,Salinas,Santa Elena,D,1,GROCERY I,1088,0,Holiday,National,False,93.14
427,2013-01-01,25,870545,1.0,,Salinas,Santa Elena,D,1,PERSONAL CARE,4126,0,Holiday,National,False,93.14
428,2013-01-01,25,870546,2.0,,Salinas,Santa Elena,D,1,PERSONAL CARE,4126,0,Holiday,National,False,93.14
429,2013-01-01,25,871421,3.0,,Salinas,Santa Elena,D,1,BEVERAGES,1124,0,Holiday,National,False,93.14
430,2013-01-01,25,872317,1.0,,Salinas,Santa Elena,D,1,GROCERY I,1040,0,Holiday,National,False,93.14
431,2013-01-01,25,874990,2.0,,Salinas,Santa Elena,D,1,CLEANING,3008,0,Holiday,National,False,93.14
432,2013-01-01,25,875604,3.0,,Salinas,Santa Elena,D,1,GROCERY I,1026,0,Holiday,National,False,93.14
433,2013-01-01,25,878715,1.0,,Salinas,Santa Elena,D,1,GROCERY I,1040,0,Holiday,National,False,93.14
434,2013-01-01,25,882624,1.0,,Salinas,Santa Elena,D,1,DAIRY,2116,1,Holiday,National,False,93.14
435,2013-01-01,25,885543,3.0,,Salinas,Santa Elena,D,1,PREPARED FOODS,2966,1,Holiday,National,False,93.14
436,2013-01-01,25,888689,9.0,,Salinas,Santa Elena,D,1,BREAD/BAKERY,2752,1,Holiday,National,False,93.14
437,2013-01-01,25,890213,4.0,,Salinas,Santa Elena,D,1,GROCERY I,1026,0,Holiday,National,False,93.14
438,2013-01-01,25,890215,5.0,,Salinas,Santa Elena,D,1,GROCERY I,1026,0,Holiday,National,False,93.14
439,2013-01-01,25,890371,1.0,,Salinas,Santa Elena,D,1,GROCERY I,1002,0,Holiday,National,False,93.14
440,2013-01-01,25,890372,1.0,,Salinas,Santa Elena,D,1,GROCERY I,1002,0,Holiday,National,False,93.14
441,2013-01-01,25,895291,3.239,,Salinas,Santa Elena,D,1,POULTRY,2416,1,Holiday,National,False,93.14
442,2013-01-01,25,902839,1.0,,Salinas,Santa Elena,D,1,GROCERY I,1060,0,Holiday,National,False,93.14
443,2013-01-01,25,906979,4.0,,Salinas,Santa Elena,D,1,BEVERAGES,1120,0,Holiday,National,False,93.14
444,2013-01-01,25,907684,7.0,,Salinas,Santa Elena,D,1,BEVERAGES,1120,0,Holiday,National,False,93.14
445,2013-01-01,25,908741,1.0,,Salinas,Santa Elena,D,1,LAWN AND GARDEN,6918,0,Holiday,National,False,93.14
446,2013-01-01,25,911429,7.0,,Salinas,Santa Elena,D,1,GROCERY I,1016,0,Holiday,National,False,93.14
447,2013-01-01,25,911871,2.0,,Salinas,Santa Elena,D,1,CLEANING,3020,0,Holiday,National,False,93.14
448,2013-01-01,25,913363,3.0,,Salinas,Santa Elena,D,1,CLEANING,3038,0,Holiday,National,False,93.14
449,2013-01-01,25,913364,2.0,,Salinas,Santa Elena,D,1,CLEANING,3038,0,Holiday,National,False,93.14
450,2013-01-01,25,913521,3.0,,Salinas,Santa Elena,D,1,CLEANING,3046,0,Holiday,National,False,93.14
451,2013-01-01,25,913964,1.0,,Salinas,Santa Elena,D,1,GROCERY I,1036,0,Holiday,National,False,93.14
452,2013-01-01,25,913966,2.0,,Salinas,Santa Elena,D,1,GROCERY I,1036,0,Holiday,National,False,93.14
453,2013-01-01,25,915310,1.0,,Salinas,Santa Elena,D,1,PERSONAL CARE,4126,0,Holiday,National,False,93.14
454,2013-01-01,25,915822,1.0,,Salinas,Santa Elena,D,1,LAWN AND GARDEN,6918,0,Holiday,National,False,93.14
455,2013-01-01,25,915980,1.0,,Salinas,Santa Elena,D,1,BEVERAGES,1122,0,Holiday,National,False,93.14
456,2013-01-01,25,916885,2.0,,Salinas,Santa Elena,D,1,CLEANING,3024,0,Holiday,National,False,93.14
457,2013-01-01,25,916886,2.0,,Salinas,Santa Elena,D,1,CLEANING,3024,0,Holiday,National,False,93.14
458,2013-01-01,25,926958,2.0,,Salinas,Santa Elena,D,1,GROCERY I,1026,0,Holiday,National,False,93.14
459,2013-01-01,25,930247,1.0,,Salinas,Santa Elena,D,1,GROCERY I,1006,0,Holiday,National,False,93.14
460,2013-01-01,25,936994,2.0,,Salinas,Santa Elena,D,1,GROCERY I,1004,0,Holiday,National,False,93.14
461,2013-01-01,25,938125,2.0,,Salinas,Santa Elena,D,1,CLEANING,3004,0,Holiday,National,False,93.14
462,2013-01-01,25,938126,1.0,,Salinas,Santa Elena,D,1,CLEANING,3004,0,Holiday,National,False,93.14
463,2013-01-01,25,938129,4.0,,Salinas,Santa Elena,D,1,CLEANING,3004,0,Holiday,National,False,93.14
464,2013-01-01,25,938566,1.0,,Salinas,Santa Elena,D,1,GROCERY I,1042,0,Holiday,National,False,93.14
465,2013-01-01,25,938567,1.0,,Salinas,Santa Elena,D,1,GROCERY I,1042,0,Holiday,National,False,93.14
466,2013-01-01,25,938575,4.0,,Salinas,Santa Elena,D,1,GROCERY I,1042,0,Holiday,National,False,93.14
467,2013-01-01,25,938576,7.0,,Salinas,Santa Elena,D,1,GROCERY I,1042,0,Holiday,National,False,93.14
468,2013-01-01,25,938657,3.0,,Salinas,Santa Elena,D,1,BEVERAGES,1136,0,Holiday,National,False,93.14
469,2013-01-01,25,938659,8.0,,Salinas,Santa Elena,D,1,BEVERAGES,1136,0,Holiday,National,False,93.14
470,2013-01-01,25,939207,8.0,,Salinas,Santa Elena,D,1,DAIRY,2130,1,Holiday,National,False,93.14
471,2013-01-01,25,939662,2.0,,Salinas,Santa Elena,D,1,GROCERY I,1045,0,Holiday,National,False,93.14
472,2013-01-01,25,940591,1.0,,Salinas,Santa Elena,D,1,CLEANING,3016,0,Holiday,National,False,93.14
473,2013-01-01,25,940616,1.0,,Salinas,Santa Elena,D,1,CLEANING,3028,0,Holiday,National,False,93.14
474,2013-01-01,25,949297,2.0,,Salinas,Santa Elena,D,1,CLEANING,3020,0,Holiday,National,False,93.14
475,2013-01-01,25,949299,1.0,,Salinas,Santa Elena,D,1,CLEANING,3020,0,Holiday,National,False,93.14
476,2013-01-01,25,949511,2.0,,Salinas,Santa Elena,D,1,GROCERY I,1062,0,Holiday,National,False,93.14
477,2013-01-01,25,953427,2.0,,Salinas,Santa Elena,D,1,DAIRY,2112,1,Holiday,National,False,93.14
478,2013-01-01,25,953428,1.0,,Salinas,Santa Elena,D,1,DAIRY,2112,1,Holiday,National,False,93.14
479,2013-01-01,25,953562,2.0,,Salinas,Santa Elena,D,1,GROCERY I,1062,0,Holiday,National,False,93.14
480,2013-01-01,25,953609,1.0,,Salinas,Santa Elena,D,1,CLEANING,3046,0,Holiday,National,False,93.14
481,2013-01-01,25,954553,4.0,,Salinas,Santa Elena,D,1,DAIRY,2108,1,Holiday,National,False,93.14
482,2013-01-01,25,956012,3.0,,Salinas,Santa Elena,D,1,GROCERY I,1088,0,Holiday,National,False,93.14
483,2013-01-01,25,956014,3.0,,Salinas,Santa Elena,D,1,GROCERY I,1088,0,Holiday,National,False,93.14
484,2013-01-01,25,957098,3.0,,Salinas,Santa Elena,D,1,DAIRY,2130,1,Holiday,National,False,93.14
485,2013-01-01,25,958016,6.0,,Salinas,Santa Elena,D,1,DAIRY,2116,1,Holiday,National,False,93.14
486,2013-01-01,25,958514,2.0,,Salinas,Santa Elena,D,1,BEAUTY,4252,0,Holiday,National,False,93.14
487,2013-01-01,25,968432,8.0,,Salinas,Santa Elena,D,1,BEVERAGES,1122,0,Holiday,National,False,93.14
488,2013-01-01,25,968935,5.0,,Salinas,Santa Elena,D,1,"LIQUOR,WINE,BEER",1386,0,Holiday,National,False,93.14
489,2013-01-01,25,968936,2.0,,Salinas,Santa Elena,D,1,"LIQUOR,WINE,BEER",1386,0,Holiday,National,False,93.14
490,2013-01-01,25,968937,2.0,,Salinas,Santa Elena,D,1,"LIQUOR,WINE,BEER",1386,0,Holiday,National,False,93.14
491,2013-01-01,25,979197,1.0,,Salinas,Santa Elena,D,1,CLEANING,3028,0,Holiday,National,False,93.14
492,2013-01-01,25,979199,1.0,,Salinas,Santa Elena,D,1,CLEANING,3028,0,Holiday,National,False,93.14
493,2013-01-01,25,988459,17.847,,Salinas,Santa Elena,D,1,PREPARED FOODS,2904,1,Holiday,National,False,93.14
494,2013-01-01,25,991329,2.0,,Salinas,Santa Elena,D,1,GROCERY I,1004,0,Holiday,National,False,93.14
495,2013-01-01,25,996122,1.0,,Salinas,Santa Elena,D,1,BEVERAGES,1124,0,Holiday,National,False,93.14
496,2013-01-01,25,996600,1.0,,Salinas,Santa Elena,D,1,GROCERY I,1042,0,Holiday,National,False,93.14
497,2013-01-01,25,999545,1.0,,Salinas,Santa Elena,D,1,CLEANING,3026,0,Holiday,National,False,93.14
498,2013-01-01,25,1003679,3.0,,Salinas,Santa Elena,D,1,GROCERY I,1028,0,Holiday,National,False,93.14
499,2013-01-01,25,1004550,32.0,,Salinas,Santa Elena,D,1,"LIQUOR,WINE,BEER",1318,0,Holiday,National,False,93.14
500,2013-01-01,25,1004551,9.0,,Salinas,Santa Elena,D,1,"LIQUOR,WINE,BEER",1318,0,Holiday,National,False,93.14
501,2013-01-01,25,1009998,1.0,,Salinas,Santa Elena,D,1,CLEANING,3024,0,Holiday,National,False,93.14
502,2013-01-01,25,1014865,9.0,,Salinas,Santa Elena,D,1,DAIRY,2108,1,Holiday,National,False,93.14
503,2013-01-01,25,1020237,1.0,,Salinas,Santa Elena,D,1,"LIQUOR,WINE,BEER",1330,0,Holiday,National,False,93.14
504,2013-01-01,25,1028589,17.0,,Salinas,Santa Elena,D,1,"LIQUOR,WINE,BEER",1318,0,Holiday,National,False,93.14
505,2013-01-01,25,1037838,2.0,,Salinas,Santa Elena,D,1,FROZEN FOODS,2210,0,Holiday,National,False,93.14
506,2013-01-01,25,1037845,1.0,,Salinas,Santa Elena,D,1,GROCERY I,1022,0,Holiday,National,False,93.14
507,2013-01-01,25,1037856,17.0,,Salinas,Santa Elena,D,1,BEVERAGES,1120,0,Holiday,National,False,93.14
508,2013-01-01,25,1037857,30.0,,Salinas,Santa Elena,D,1,BEVERAGES,1120,0,Holiday,National,False,93.14
509,2013-01-01,25,1038952,2.0,,Salinas,Santa Elena,D,1,BREAD/BAKERY,2714,1,Holiday,National,False,93.14
510,2013-01-01,25,1040170,2.0,,Salinas,Santa Elena,D,1,FROZEN FOODS,2222,0,Holiday,National,False,93.14
511,2013-01-01,25,1044592,5.0,,Salinas,Santa Elena,D,1,DAIRY,2156,1,Holiday,National,False,93.14
512,2013-01-01,25,1047675,3.0,,Salinas,Santa Elena,D,1,BEVERAGES,1120,0,Holiday,National,False,93.14
513,2013-01-01,25,1047679,32.0,,Salinas,Santa Elena,D,1,BEVERAGES,1120,0,Holiday,National,False,93.14
514,2013-01-01,25,1047680,7.0,,Salinas,Santa Elena,D,1,BEVERAGES,1120,0,Holiday,National,False,93.14
515,2013-01-01,25,1047681,6.0,,Salinas,Santa Elena,D,1,BEVERAGES,1120,0,Holiday,National,False,93.14
516,2013-01-01,25,1047685,6.0,,Salinas,Santa Elena,D,1,BEVERAGES,1120,0,Holiday,National,False,93.14
517,2013-01-01,25,1047686,1.0,,Salinas,Santa Elena,D,1,BEVERAGES,1120,0,Holiday,National,False,93.14
518,2013-01-01,25,1047690,15.0,,Salinas,Santa Elena,D,1,BEVERAGES,1120,0,Holiday,National,False,93.14
519,2013-01-01,25,1047696,27.0,,Salinas,Santa Elena,D,1,BEVERAGES,1122,0,Holiday,National,False,93.14
520,2013-01-01,25,1047698,13.0,,Salinas,Santa Elena,D,1,BEVERAGES,1122,0,Holiday,National,False,93.14
521,2013-01-01,25,1047702,5.0,,Salinas,Santa Elena,D,1,BEVERAGES,1122,0,Holiday,National,False,93.14
522,2013-01-01,25,1047703,5.0,,Salinas,Santa Elena,D,1,BEVERAGES,1122,0,Holiday,National,False,93.14
523,2013-01-01,25,1047705,4.0,,Salinas,Santa Elena,D,1,BEVERAGES,1122,0,Holiday,National,False,93.14
524,2013-01-01,25,1047717,7.0,,Salinas,Santa Elena,D,1,BEVERAGES,1122,0,Holiday,National,False,93.14
525,2013-01-01,25,1047733,4.0,,Salinas,Santa Elena,D,1,BEVERAGES,1124,0,Holiday,National,False,93.14
526,2013-01-01,25,1047743,6.0,,Salinas,Santa Elena,D,1,BEVERAGES,1124,0,Holiday,National,False,93.14
527,2013-01-01,25,1047755,2.0,,Salinas,Santa Elena,D,1,BEVERAGES,1126,0,Holiday,National,False,93.14
528,2013-01-01,25,1047756,8.0,,Salinas,Santa Elena,D,1,BEVERAGES,1126,0,Holiday,National,False,93.14
529,2013-01-01,25,1047757,6.0,,Salinas,Santa Elena,D,1,BEVERAGES,1126,0,Holiday,National,False,93.14
530,2013-01-01,25,1047758,5.0,,Salinas,Santa Elena,D,1,BEVERAGES,1126,0,Holiday,National,False,93.14
531,2013-01-01,25,1047772,12.0,,Salinas,Santa Elena,D,1,BEVERAGES,1126,0,Holiday,National,False,93.14
532,2013-01-01,25,1047773,14.0,,Salinas,Santa Elena,D,1,BEVERAGES,1126,0,Holiday,National,False,93.14
533,2013-01-01,25,1047774,13.0,,Salinas,Santa Elena,D,1,BEVERAGES,1126,0,Holiday,National,False,93.14
534,2013-01-01,25,1047775,5.0,,Salinas,Santa Elena,D,1,BEVERAGES,1126,0,Holiday,National,False,93.14
535,2013-01-01,25,1047786,4.0,,Salinas,Santa Elena,D,1,BEVERAGES,1126,0,Holiday,National,False,93.14
536,2013-01-01,25,1047790,9.0,,Salinas,Santa Elena,D,1,BEVERAGES,1138,0,Holiday,National,False,93.14
537,2013-01-01,25,1052022,1.0,,Salinas,Santa Elena,D,1,DAIRY,2142,1,Holiday,National,False,93.14
538,2013-01-01,25,1052563,8.0,,Salinas,Santa Elena,D,1,GROCERY I,1040,0,Holiday,National,False,93.14
539,2013-01-01,25,1060036,9.0,,Salinas,Santa Elena,D,1,BEVERAGES,1138,0,Holiday,National,False,93.14
540,2013-01-01,25,1062374,10.601,,Salinas,Santa Elena,D,1,MEATS,2302,1,Holiday,National,False,93.14
541,2013-01-01,25,1066900,14.0,,Salinas,Santa Elena,D,1,BEVERAGES,1136,0,Holiday,National,False,93.14
542,2013-01-01,25,1066901,5.0,,Salinas,Santa Elena,D,1,BEVERAGES,1136,0,Holiday,National,False,93.14
543,2013-01-01,25,1070962,5.0,,Salinas,Santa Elena,D,1,GROCERY I,1026,0,Holiday,National,False,93.14
544,2013-01-01,25,1071949,6.0,,Salinas,Santa Elena,D,1,BEVERAGES,1120,0,Holiday,National,False,93.14
545,2013-01-01,25,1074327,11.0,,Salinas,Santa Elena,D,1,BEVERAGES,1120,0,Holiday,National,False,93.14
546,2013-01-01,25,1076066,1.0,,Salinas,Santa Elena,D,1,GROCERY I,1003,0,Holiday,National,False,93.14
547,2013-01-01,25,1076155,1.0,,Salinas,Santa Elena,D,1,GROCERY I,1010,0,Holiday,National,False,93.14
548,2013-01-01,25,1079214,1.0,,Salinas,Santa Elena,D,1,CLEANING,3022,0,Holiday,National,False,93.14
549,2013-01-01,25,1079329,2.0,,Salinas,Santa Elena,D,1,"LIQUOR,WINE,BEER",1364,0,Holiday,National,False,93.14
550,2013-01-01,25,1080021,4.0,,Salinas,Santa Elena,D,1,GROCERY I,1022,0,Holiday,National,False,93.14
551,2013-01-01,25,1080756,9.0,,Salinas,Santa Elena,D,1,GROCERY I,1038,0,Holiday,National,False,93.14
552,2013-01-01,25,1081359,1.0,,Salinas,Santa Elena,D,1,GROCERY I,1088,0,Holiday,National,False,93.14
553,2013-01-01,25,1083152,4.0,,Salinas,Santa Elena,D,1,DAIRY,2116,1,Holiday,National,False,93.14
554,2013-01-01,25,1083196,3.0,,Salinas,Santa Elena,D,1,DAIRY,2116,1,Holiday,National,False,93.14
555,2013-01-01,25,1084881,2.0,,Salinas,Santa Elena,D,1,GROCERY I,1040,0,Holiday,National,False,93.14
556,2013-01-01,25,1084882,1.0,,Salinas,Santa Elena,D,1,GROCERY I,1040,0,Holiday,National,False,93.14
557,2013-01-01,25,1085246,2.891,,Salinas,Santa Elena,D,1,MEATS,2302,1,Holiday,National,False,93.14
558,2013-01-01,25,1086172,1.0,,Salinas,Santa Elena,D,1,GROCERY I,1029,0,Holiday,National,False,93.14
559,2013-01-01,25,1087270,1.0,,Salinas,Santa Elena,D,1,PERSONAL CARE,4114,0,Holiday,National,False,93.14
560,2013-01-01,25,1088002,1.0,,Salinas,Santa Elena,D,1,BEVERAGES,1126,0,Holiday,National,False,93.14
561,2013-01-01,25,1089046,1.0,,Salinas,Santa Elena,D,1,CLEANING,3020,0,Holiday,National,False,93.14
562,2013-01-01,25,1089843,8.0,,Salinas,Santa Elena,D,1,BREAD/BAKERY,2712,1,Holiday,National,False,93.14
563,2013-01-01,25,1089844,1.0,,Salinas,Santa Elena,D,1,BREAD/BAKERY,2712,1,Holiday,National,False,93.14
564,2013-01-01,25,1090401,15.0,,Salinas,Santa Elena,D,1,"LIQUOR,WINE,BEER",1318,0,Holiday,National,False,93.14
565,2013-01-01,25,1091365,1.0,,Salinas,Santa Elena,D,1,GROCERY I,1016,0,Holiday,National,False,93.14
566,2013-01-01,25,1091366,2.0,,Salinas,Santa Elena,D,1,GROCERY I,1016,0,Holiday,National,False,93.14
567,2013-01-01,25,1097187,5.0,,Salinas,Santa Elena,D,1,GROCERY I,1042,0,Holiday,National,False,93.14
568,2013-01-01,25,1101724,1.0,,Salinas,Santa Elena,D,1,BEVERAGES,1132,0,Holiday,National,False,93.14
569,2013-01-01,25,1102268,1.0,,Salinas,Santa Elena,D,1,PERSONAL CARE,4114,0,Holiday,National,False,93.14
570,2013-01-01,25,1102971,3.0,,Salinas,Santa Elena,D,1,BEVERAGES,1122,0,Holiday,National,False,93.14
571,2013-01-01,25,1102975,1.0,,Salinas,Santa Elena,D,1,BEVERAGES,1122,0,Holiday,National,False,93.14
572,2013-01-01,25,1102976,18.0,,Salinas,Santa Elena,D,1,BEVERAGES,1122,0,Holiday,National,False,93.14
573,2013-01-01,25,1104599,1.0,,Salinas,Santa Elena,D,1,PERSONAL CARE,4114,0,Holiday,National,False,93.14
574,2013-01-01,25,1105212,2.0,,Salinas,Santa Elena,D,1,GROCERY I,1074,0,Holiday,National,False,93.14
575,2013-01-01,25,1105214,1.0,,Salinas,Santa Elena,D,1,GROCERY I,1074,0,Holiday,National,False,93.14
576,2013-01-01,25,1109325,2.0,,Salinas,Santa Elena,D,1,BEVERAGES,1136,0,Holiday,National,False,93.14
577,2013-01-01,25,1109389,1.0,,Salinas,Santa Elena,D,1,GROCERY I,1034,0,Holiday,National,False,93.14
578,2013-01-02,1,103665,2.0,,Quito,Pichincha,D,13,BREAD/BAKERY,2712,1,,,,93.14
579,2013-01-02,1,105574,8.0,,Quito,Pichincha,D,13,GROCERY I,1045,0,,,,93.14
580,2013-01-02,1,105575,15.0,,Quito,Pichincha,D,13,GROCERY I,1045,0,,,,93.14
581,2013-01-02,1,105577,2.0,,Quito,Pichincha,D,13,GROCERY I,1045,0,,,,93.14
582,2013-01-02,1,105737,2.0,,Quito,Pichincha,D,13,GROCERY I,1044,0,,,,93.14
583,2013-01-02,1,105857,12.0,,Quito,Pichincha,D,13,GROCERY I,1092,0,,,,93.14
584,2013-01-02,1,106716,2.0,,Quito,Pichincha,D,13,GROCERY I,1032,0,,,,93.14
585,2013-01-02,1,108696,3.0,,Quito,Pichincha,D,13,DELI,2636,1,,,,93.14
586,2013-01-02,1,108698,6.0,,Quito,Pichincha,D,13,DELI,2644,1,,,,93.14
587,2013-01-02,1,108701,3.0,,Quito,Pichincha,D,13,DELI,2644,1,,,,93.14
588,2013-01-02,1,108786,1.0,,Quito,Pichincha,D,13,CLEANING,3044,0,,,,93.14
589,2013-01-02,1,108797,1.0,,Quito,Pichincha,D,13,GROCERY I,1004,0,,,,93.14
590,2013-01-02,1,108831,35.512,,Quito,Pichincha,D,13,POULTRY,2416,1,,,,93.14
591,2013-01-02,1,108862,1.0,,Quito,Pichincha,D,13,GROCERY I,1062,0,,,,93.14
592,2013-01-02,1,108952,6.0,,Quito,Pichincha,D,13,CLEANING,3024,0,,,,93.14
593,2013-01-02,1,111223,7.0,,Quito,Pichincha,D,13,GROCERY I,1034,0,,,,93.14
594,2013-01-02,1,111397,16.0,,Quito,Pichincha,D,13,GROCERY I,1072,0,,,,93.14
595,2013-01-02,1,112830,3.0,,Quito,Pichincha,D,13,GROCERY I,1044,0,,,,93.14
596,2013-01-02,1,114778,10.0,,Quito,Pichincha,D,13,GROCERY I,1016,0,,,,93.14
597,2013-01-02,1,114790,3.0,,Quito,Pichincha,D,13,GROCERY I,1004,0,,,,93.14
598,2013-01-02,1,114799,1.0,,Quito,Pichincha,D,13,PERSONAL CARE,4126,0,,,,93.14
599,2013-01-02,1,114800,10.0,,Quito,Pichincha,D,13,PERSONAL CARE,4126,0,,,,93.14
600,2013-01-02,1,115267,7.0,,Quito,Pichincha,D,13,CLEANING,3034,0,,,,93.14
601,2013-01-02,1,115611,36.0,,Quito,Pichincha,D,13,GROCERY I,1014,0,,,,93.14
602,2013-01-02,1,115693,4.0,,Quito,Pichincha,D,13,GROCERY I,1040,0,,,,93.14
603,2013-01-02,1,115850,3.0,,Quito,Pichincha,D,13,GROCERY I,1004,0,,,,93.14
604,2013-01-02,1,115891,5.0,,Quito,Pichincha,D,13,GROCERY I,1016,0,,,,93.14
605,2013-01-02,1,115892,37.0,,Quito,Pichincha,D,13,GROCERY I,1016,0,,,,93.14
606,2013-01-02,1,115893,15.0,,Quito,Pichincha,D,13,GROCERY I,1016,0,,,,93.14
607,2013-01-02,1,115894,16.0,,Quito,Pichincha,D,13,GROCERY I,1016,0,,,,93.14
608,2013-01-02,1,116017,14.0,,Quito,Pichincha,D,13,GROCERY I,1072,0,,,,93.14
609,2013-01-02,1,116018,8.0,,Quito,Pichincha,D,13,GROCERY I,1072,0,,,,93.14
610,2013-01-02,1,116279,1.0,,Quito,Pichincha,D,13,GROCERY I,1056,0,,,,93.14
611,2013-01-02,1,116311,2.0,,Quito,Pichincha,D,13,CLEANING,3090,0,,,,93.14
612,2013-01-02,1,119023,2.0,,Quito,Pichincha,D,13,CLEANING,3026,0,,,,93.14
613,2013-01-02,1,119024,6.0,,Quito,Pichincha,D,13,CLEANING,3026,0,,,,93.14
614,2013-01-02,1,119141,13.0,,Quito,Pichincha,D,13,GROCERY I,1042,0,,,,93.14
615,2013-01-02,1,119191,16.0,,Quito,Pichincha,D,13,CLEANING,3044,0,,,,93.14
616,2013-01-02,1,119624,4.0,,Quito,Pichincha,D,13,BEVERAGES,1122,0,,,,93.14
617,2013-01-02,1,121964,1.0,,Quito,Pichincha,D,13,AUTOMOTIVE,6810,0,,,,93.14
618,2013-01-02,1,122095,1.0,,Quito,Pichincha,D,13,DAIRY,2124,1,,,,93.14
619,2013-01-02,1,122419,2.0,,Quito,Pichincha,D,13,GROCERY I,1004,0,,,,93.14
620,2013-01-02,1,122425,1.0,,Quito,Pichincha,D,13,CLEANING,3020,0,,,,93.14
621,2013-01-02,1,123347,3.0,,Quito,Pichincha,D,13,DAIRY,2114,1,,,,93.14
622,2013-01-02,1,123601,4.0,,Quito,Pichincha,D,13,GROCERY I,1072,0,,,,93.14
623,2013-01-02,1,125430,5.0,,Quito,Pichincha,D,13,GROCERY I,1016,0,,,,93.14
624,2013-01-02,1,127534,4.0,,Quito,Pichincha,D,13,GROCERY I,1032,0,,,,93.14
625,2013-01-02,1,127547,14.0,,Quito,Pichincha,D,13,EGGS,2502,1,,,,93.14
626,2013-01-02,1,129296,1.0,,Quito,Pichincha,D,13,GROCERY I,1032,0,,,,93.14
627,2013-01-02,1,129297,3.0,,Quito,Pichincha,D,13,GROCERY I,1032,0,,,,93.14
628,2013-01-02,1,129635,29.0,,Quito,Pichincha,D,13,DAIRY,2112,1,,,,93.14
629,2013-01-02,1,129758,9.0,,Quito,Pichincha,D,13,GROCERY I,1032,0,,,,93.14
630,2013-01-02,1,153078,11.0,,Quito,Pichincha,D,13,CLEANING,3008,0,,,,93.14
631,2013-01-02,1,153267,14.0,,Quito,Pichincha,D,13,GROCERY I,1096,0,,,,93.14
632,2013-01-02,1,153395,5.0,,Quito,Pichincha,D,13,BREAD/BAKERY,2704,1,,,,93.14
633,2013-01-02,1,153398,3.0,,Quito,Pichincha,D,13,BREAD/BAKERY,2708,1,,,,93.14
634,2013-01-02,1,155601,1.0,,Quito,Pichincha,D,13,GROCERY I,1034,0,,,,93.14
635,2013-01-02,1,155610,1.0,,Quito,Pichincha,D,13,GROCERY I,1034,0,,,,93.14
636,2013-01-02,1,155621,2.0,,Quito,Pichincha,D,13,GROCERY I,1062,0,,,,93.14
637,2013-01-02,1,155625,1.0,,Quito,Pichincha,D,13,GROCERY I,1092,0,,,,93.14
638,2013-01-02,1,158680,5.0,,Quito,Pichincha,D,13,EGGS,2502,1,,,,93.14
639,2013-01-02,1,158789,8.0,,Quito,Pichincha,D,13,CLEANING,3044,0,,,,93.14
640,2013-01-02,1,158842,1.0,,Quito,Pichincha,D,13,DAIRY,2124,1,,,,93.14
641,2013-01-02,1,158875,3.0,,Quito,Pichincha,D,13,GROCERY I,1026,0,,,,93.14
642,2013-01-02,1,159156,66.819,,Quito,Pichincha,D,13,POULTRY,2416,1,,,,93.14
643,2013-01-02,1,159242,8.0,,Quito,Pichincha,D,13,CLEANING,3026,0,,,,93.14
644,2013-01-02,1,162066,8.0,,Quito,Pichincha,D,13,GROCERY I,1048,0,,,,93.14
645,2013-01-02,1,164036,11.0,,Quito,Pichincha,D,13,GROCERY I,1048,0,,,,93.14
646,2013-01-02,1,164037,2.0,,Quito,Pichincha,D,13,GROCERY I,1048,0,,,,93.14
647,2013-01-02,1,164088,6.0,,Quito,Pichincha,D,13,DAIRY,2116,1,,,,93.14
648,2013-01-02,1,164647,4.0,,Quito,Pichincha,D,13,CLEANING,3032,0,,,,93.14
649,2013-01-02,1,165550,12.0,,Quito,Pichincha,D,13,BEVERAGES,1124,0,,,,93.14
650,2013-01-02,1,165551,8.0,,Quito,Pichincha,D,13,BEVERAGES,1124,0,,,,93.14
651,2013-01-02,1,165553,8.0,,Quito,Pichincha,D,13,BEVERAGES,1124,0,,,,93.14
652,2013-01-02,1,165594,10.0,,Quito,Pichincha,D,13,GROCERY I,1014,0,,,,93.14
653,2013-01-02,1,165704,6.0,,Quito,Pichincha,D,13,GROCERY I,1016,0,,,,93.14
654,2013-01-02,1,165705,3.0,,Quito,Pichincha,D,13,GROCERY I,1016,0,,,,93.14
655,2013-01-02,1,165718,4.0,,Quito,Pichincha,D,13,BREAD/BAKERY,2718,1,,,,93.14
656,2013-01-02,1,165727,3.0,,Quito,Pichincha,D,13,GROCERY I,1032,0,,,,93.14
657,2013-01-02,1,165988,6.0,,Quito,Pichincha,D,13,GROCERY I,1072,0,,,,93.14
658,2013-01-02,1,167437,4.0,,Quito,Pichincha,D,13,GROCERY II,1236,0,,,,93.14
659,2013-01-02,1,168927,20.0,,Quito,Pichincha,D,13,CLEANING,3026,0,,,,93.14
660,2013-01-02,1,168930,25.0,,Quito,Pichincha,D,13,CLEANING,3026,0,,,,93.14
661,2013-01-02,1,168989,1.0,,Quito,Pichincha,D,13,GROCERY I,1028,0,,,,93.14
662,2013-01-02,1,169101,1.0,,Quito,Pichincha,D,13,CLEANING,3044,0,,,,93.14
663,2013-01-02,1,170791,8.0,,Quito,Pichincha,D,13,GROCERY I,1080,0,,,,93.14
664,2013-01-02,1,172184,5.0,,Quito,Pichincha,D,13,GROCERY I,1058,0,,,,93.14
665,2013-01-02,1,172343,23.0,,Quito,Pichincha,D,13,GROCERY I,1004,0,,,,93.14
666,2013-01-02,1,173111,6.0,,Quito,Pichincha,D,13,GROCERY I,1058,0,,,,93.14
667,2013-01-02,1,173113,2.0,,Quito,Pichincha,D,13,DAIRY,2114,1,,,,93.14
668,2013-01-02,1,174081,8.0,,Quito,Pichincha,D,13,BEVERAGES,1136,0,,,,93.14
669,2013-01-02,1,177050,2.0,,Quito,Pichincha,D,13,LINGERIE,7034,0,,,,93.14
670,2013-01-02,1,177395,1.0,,Quito,Pichincha,D,13,GROCERY I,1032,0,,,,93.14
671,2013-01-02,1,179274,11.0,,Quito,Pichincha,D,13,GROCERY I,1032,0,,,,93.14
672,2013-01-02,1,179564,2.0,,Quito,Pichincha,D,13,GROCERY I,1032,0,,,,93.14
673,2013-01-02,1,179615,14.0,,Quito,Pichincha,D,13,DAIRY,2112,1,,,,93.14
674,2013-01-02,1,205387,7.0,,Quito,Pichincha,D,13,GROCERY I,1034,0,,,,93.14
675,2013-01-02,1,205486,8.0,,Quito,Pichincha,D,13,DAIRY,2124,1,,,,93.14
676,2013-01-02,1,205557,5.0,,Quito,Pichincha,D,13,GROCERY I,1062,0,,,,93.14
677,2013-01-02,1,207857,3.0,,Quito,Pichincha,D,13,GROCERY I,1010,0,,,,93.14
678,2013-01-02,1,208384,32.0,,Quito,Pichincha,D,13,EGGS,2502,1,,,,93.14
679,2013-01-02,1,208386,7.0,,Quito,Pichincha,D,13,EGGS,2502,1,,,,93.14
680,2013-01-02,1,208426,6.0,,Quito,Pichincha,D,13,DELI,2632,1,,,,93.14
681,2013-01-02,1,208498,10.0,,Quito,Pichincha,D,13,CLEANING,3044,0,,,,93.14
682,2013-01-02,1,208514,1.0,,Quito,Pichincha,D,13,GROCERY I,1010,0,,,,93.14
683,2013-01-02,1,208539,1.278,,Quito,Pichincha,D,13,POULTRY,2412,1,,,,93.14
684,2013-01-02,1,208659,2.0,,Quito,Pichincha,D,13,GROCERY I,1078,0,,,,93.14
685,2013-01-02,1,208699,4.0,,Quito,Pichincha,D,13,GROCERY I,1034,0,,,,93.14
686,2013-01-02,1,209085,3.0,,Quito,Pichincha,D,13,CLEANING,3026,0,,,,93.14
687,2013-01-02,1,210520,2.0,,Quito,Pichincha,D,13,GROCERY II,1236,0,,,,93.14
688,2013-01-02,1,210798,4.0,,Quito,Pichincha,D,13,GROCERY I,1074,0,,,,93.14
689,2013-01-02,1,211205,1.0,,Quito,Pichincha,D,13,GROCERY I,1072,0,,,,93.14
690,2013-01-02,1,211999,2.0,,Quito,Pichincha,D,13,GROCERY I,1036,0,,,,93.14
691,2013-01-02,1,212550,1.0,,Quito,Pichincha,D,13,GROCERY I,1036,0,,,,93.14
692,2013-01-02,1,213066,6.0,,Quito,Pichincha,D,13,GROCERY I,1074,0,,,,93.14
693,2013-01-02,1,213652,23.0,,Quito,Pichincha,D,13,GROCERY I,1048,0,,,,93.14
694,2013-01-02,1,213653,3.0,,Quito,Pichincha,D,13,GROCERY I,1048,0,,,,93.14
695,2013-01-02,1,213788,1.0,,Quito,Pichincha,D,13,GROCERY I,1096,0,,,,93.14
696,2013-01-02,1,214381,14.0,,Quito,Pichincha,D,13,CLEANING,3032,0,,,,93.14
697,2013-01-02,1,214860,3.0,,Quito,Pichincha,D,13,CLEANING,3032,0,,,,93.14
698,2013-01-02,1,214862,1.0,,Quito,Pichincha,D,13,CLEANING,3034,0,,,,93.14
699,2013-01-02,1,215303,4.0,,Quito,Pichincha,D,13,GROCERY I,1026,0,,,,93.14
700,2013-01-02,1,215327,10.0,,Quito,Pichincha,D,13,GROCERY I,1040,0,,,,93.14
701,2013-01-02,1,215332,3.0,,Quito,Pichincha,D,13,GROCERY I,1040,0,,,,93.14
702,2013-01-02,1,215352,24.0,,Quito,Pichincha,D,13,GROCERY I,1016,0,,,,93.14
703,2013-01-02,1,215356,5.0,,Quito,Pichincha,D,13,GROCERY I,1016,0,,,,93.14
704,2013-01-02,1,215468,4.0,,Quito,Pichincha,D,13,LINGERIE,7034,0,,,,93.14
705,2013-01-02,1,215896,13.0,,Quito,Pichincha,D,13,GROCERY I,1044,0,,,,93.14
706,2013-01-02,1,218726,1.0,,Quito,Pichincha,D,13,CLEANING,3044,0,,,,93.14
707,2013-01-02,1,219147,1.0,,Quito,Pichincha,D,13,BEVERAGES,1122,0,,,,93.14
708,2013-01-02,1,219150,33.0,,Quito,Pichincha,D,13,BEVERAGES,1122,0,,,,93.14
709,2013-01-02,1,220435,24.0,,Quito,Pichincha,D,13,GROCERY I,1080,0,,,,93.14
710,2013-01-02,1,220613,5.0,,Quito,Pichincha,D,13,DELI,2632,1,,,,93.14
711,2013-01-02,1,221506,7.0,,Quito,Pichincha,D,13,CLEANING,3046,0,,,,93.14
712,2013-01-02,1,222879,10.0,,Quito,Pichincha,D,13,GROCERY I,1058,0,,,,93.14
713,2013-01-02,1,222975,3.0,,Quito,Pichincha,D,13,GROCERY I,1072,0,,,,93.14
714,2013-01-02,1,223136,4.0,,Quito,Pichincha,D,13,GROCERY I,1072,0,,,,93.14
715,2013-01-02,1,223434,6.0,,Quito,Pichincha,D,13,GROCERY I,1032,0,,,,93.14
716,2013-01-02,1,226126,1.0,,Quito,Pichincha,D,13,CLEANING,3018,0,,,,93.14
717,2013-01-02,1,226857,12.0,,Quito,Pichincha,D,13,GROCERY I,1035,0,,,,93.14
718,2013-01-02,1,227111,9.0,,Quito,Pichincha,D,13,EGGS,2502,1,,,,93.14
719,2013-01-02,1,227728,7.0,,Quito,Pichincha,D,13,DAIRY,2104,1,,,,93.14
720,2013-01-02,1,229368,6.0,,Quito,Pichincha,D,13,GROCERY I,1086,0,,,,93.14
721,2013-01-02,1,246052,2.0,,Quito,Pichincha,D,13,GROCERY I,1039,0,,,,93.14
722,2013-01-02,1,252698,6.792,,Quito,Pichincha,D,13,SEAFOOD,2806,1,,,,93.14
723,2013-01-02,1,252970,3.0,,Quito,Pichincha,D,13,CLEANING,3008,0,,,,93.14
724,2013-01-02,1,252972,5.0,,Quito,Pichincha,D,13,CLEANING,3008,0,,,,93.14
725,2013-01-02,1,253145,2.0,,Quito,Pichincha,D,13,GROCERY I,1096,0,,,,93.14
726,2013-01-02,1,255161,2.0,,Quito,Pichincha,D,13,GROCERY I,1034,0,,,,93.14
727,2013-01-02,1,255202,3.0,,Quito,Pichincha,D,13,GROCERY I,1045,0,,,,93.14
728,2013-01-02,1,257847,30.0,,Quito,Pichincha,D,13,BEVERAGES,1120,0,,,,93.14
729,2013-01-02,1,257848,19.0,,Quito,Pichincha,D,13,BEVERAGES,1120,0,,,,93.14
730,2013-01-02,1,258268,3.0,,Quito,Pichincha,D,13,EGGS,2502,1,,,,93.14
731,2013-01-02,1,258376,6.0,,Quito,Pichincha,D,13,CLEANING,3044,0,,,,93.14
732,2013-01-02,1,258395,2.0,,Quito,Pichincha,D,13,GROCERY I,1002,0,,,,93.14
733,2013-01-02,1,258396,9.0,,Quito,Pichincha,D,13,GROCERY I,1010,0,,,,93.14
734,2013-01-02,1,258411,4.0,,Quito,Pichincha,D,13,FROZEN FOODS,2218,0,,,,93.14
735,2013-01-02,1,260669,6.0,,Quito,Pichincha,D,13,GROCERY I,1034,0,,,,93.14
736,2013-01-02,1,260893,9.0,,Quito,Pichincha,D,13,GROCERY I,1072,0,,,,93.14
737,2013-01-02,1,261052,23.0,,Quito,Pichincha,D,13,GROCERY I,1072,0,,,,93.14
738,2013-01-02,1,261053,6.0,,Quito,Pichincha,D,13,GROCERY I,1072,0,,,,93.14
739,2013-01-02,1,261700,3.0,,Quito,Pichincha,D,13,GROCERY I,1048,0,,,,93.14
740,2013-01-02,1,262358,2.0,,Quito,Pichincha,D,13,GROCERY I,1044,0,,,,93.14
741,2013-01-02,1,262991,5.0,,Quito,Pichincha,D,13,GROCERY I,1034,0,,,,93.14
742,2013-01-02,1,264299,1.0,,Quito,Pichincha,D,13,CLEANING,3032,0,,,,93.14
743,2013-01-02,1,264300,1.0,,Quito,Pichincha,D,13,CLEANING,3032,0,,,,93.14
744,2013-01-02,1,264452,4.0,,Quito,Pichincha,D,13,CLEANING,3024,0,,,,93.14
745,2013-01-02,1,264576,7.0,,Quito,Pichincha,D,13,FROZEN FOODS,2220,0,,,,93.14
746,2013-01-02,1,264751,1.0,,Quito,Pichincha,D,13,CLEANING,3032,0,,,,93.14
747,2013-01-02,1,264752,4.0,,Quito,Pichincha,D,13,CLEANING,3034,0,,,,93.14
748,2013-01-02,1,264753,9.0,,Quito,Pichincha,D,13,CLEANING,3034,0,,,,93.14
749,2013-01-02,1,265237,3.0,,Quito,Pichincha,D,13,GROCERY I,1060,0,,,,93.14
750,2013-01-02,1,265254,24.0,,Quito,Pichincha,D,13,GROCERY I,1016,0,,,,93.14
751,2013-01-02,1,265258,1.0,,Quito,Pichincha,D,13,GROCERY I,1016,0,,,,93.14
752,2013-01-02,1,265279,5.0,,Quito,Pichincha,D,13,BREAD/BAKERY,2718,1,,,,93.14
753,2013-01-02,1,265382,4.0,,Quito,Pichincha,D,13,LINGERIE,7034,0,,,,93.14
754,2013-01-02,1,265559,36.0,,Quito,Pichincha,D,13,GROCERY I,1072,0,,,,93.14
755,2013-01-02,1,265672,1.0,,Quito,Pichincha,D,13,GROCERY I,1056,0,,,,93.14
756,2013-01-02,1,265700,4.0,,Quito,Pichincha,D,13,CLEANING,3090,0,,,,93.14
757,2013-01-02,1,268440,3.0,,Quito,Pichincha,D,13,CLEANING,3026,0,,,,93.14
758,2013-01-02,1,268443,24.0,,Quito,Pichincha,D,13,CLEANING,3026,0,,,,93.14
759,2013-01-02,1,268623,5.0,,Quito,Pichincha,D,13,CLEANING,3044,0,,,,93.14
760,2013-01-02,1,268662,4.0,,Quito,Pichincha,D,13,GROCERY I,1028,0,,,,93.14
761,2013-01-02,1,268664,4.0,,Quito,Pichincha,D,13,GROCERY I,1028,0,,,,93.14
762,2013-01-02,1,268676,2.0,,Quito,Pichincha,D,13,GROCERY I,1062,0,,,,93.14
763,2013-01-02,1,269029,9.0,,Quito,Pichincha,D,13,BEVERAGES,1122,0,,,,93.14
764,2013-01-02,1,269084,9.0,,Quito,Pichincha,D,13,BREAD/BAKERY,2720,1,,,,93.14
765,2013-01-02,1,270522,1.0,,Quito,Pichincha,D,13,AUTOMOTIVE,6806,0,,,,93.14
766,2013-01-02,1,271478,2.0,,Quito,Pichincha,D,13,DAIRY,2124,1,,,,93.14
767,2013-01-02,1,271479,12.0,,Quito,Pichincha,D,13,DAIRY,2124,1,,,,93.14
768,2013-01-02,1,273528,25.0,,Quito,Pichincha,D,13,PERSONAL CARE,4114,0,,,,93.14
769,2013-01-02,1,273859,2.0,,Quito,Pichincha,D,13,GROCERY I,1044,0,,,,93.14
770,2013-01-02,1,275823,4.0,,Quito,Pichincha,D,13,CLEANING,3018,0,,,,93.14
771,2013-01-02,1,279157,4.0,,Quito,Pichincha,D,13,DAIRY,2112,1,,,,93.14
772,2013-01-02,1,279494,2.0,,Quito,Pichincha,D,13,GROCERY I,1062,0,,,,93.14
773,2013-01-02,1,302952,4.0,,Quito,Pichincha,D,13,BREAD/BAKERY,2712,1,,,,93.14
774,2013-01-02,1,302997,1.0,,Quito,Pichincha,D,13,GROCERY I,1096,0,,,,93.14
775,2013-01-02,1,302998,8.0,,Quito,Pichincha,D,13,GROCERY I,1096,0,,,,93.14
776,2013-01-02,1,305079,15.0,,Quito,Pichincha,D,13,GROCERY I,1044,0,,,,93.14
777,2013-01-02,1,305080,32.0,,Quito,Pichincha,D,13,GROCERY I,1045,0,,,,93.14
778,2013-01-02,1,305227,3.0,,Quito,Pichincha,D,13,GROCERY I,1013,0,,,,93.14
779,2013-01-02,1,305229,55.0,,Quito,Pichincha,D,13,GROCERY I,1014,0,,,,93.14
780,2013-01-02,1,305341,28.0,,Quito,Pichincha,D,13,GROCERY I,1092,0,,,,93.14
781,2013-01-02,1,305344,12.0,,Quito,Pichincha,D,13,GROCERY I,1092,0,,,,93.14
782,2013-01-02,1,308726,2.0,,Quito,Pichincha,D,13,GROCERY I,1084,0,,,,93.14
783,2013-01-02,1,308766,1.0,,Quito,Pichincha,D,13,CLEANING,3026,0,,,,93.14
784,2013-01-02,1,308924,2.0,,Quito,Pichincha,D,13,CLEANING,3004,0,,,,93.14
785,2013-01-02,1,310644,52.0,,Quito,Pichincha,D,13,BREAD/BAKERY,2702,1,,,,93.14
786,2013-01-02,1,310647,1.0,,Quito,Pichincha,D,13,BREAD/BAKERY,2708,1,,,,93.14
787,2013-01-02,1,310671,8.0,,Quito,Pichincha,D,13,GROCERY I,1034,0,,,,93.14
788,2013-01-02,1,311954,9.0,,Quito,Pichincha,D,13,CLEANING,3006,0,,,,93.14
789,2013-01-02,1,311994,34.652,,Quito,Pichincha,D,13,BREAD/BAKERY,2752,1,,,,93.14
790,2013-01-02,1,312113,2.0,,Quito,Pichincha,D,13,BREAD/BAKERY,2720,1,,,,93.14
791,2013-01-02,1,312324,5.0,,Quito,Pichincha,D,13,GROCERY I,1044,0,,,,93.14
792,2013-01-02,1,312596,1.0,,Quito,Pichincha,D,13,GROCERY I,1035,0,,,,93.14
793,2013-01-02,1,314384,41.0,,Quito,Pichincha,D,13,GROCERY I,1004,0,,,,93.14
794,2013-01-02,1,314570,3.0,,Quito,Pichincha,D,13,CLEANING,3024,0,,,,93.14
795,2013-01-02,1,314881,7.0,,Quito,Pichincha,D,13,CLEANING,3034,0,,,,93.14
796,2013-01-02,1,315176,29.0,,Quito,Pichincha,D,13,BEVERAGES,1124,0,,,,93.14
797,2013-01-02,1,315178,7.0,,Quito,Pichincha,D,13,BEVERAGES,1124,0,,,,93.14
798,2013-01-02,1,315179,34.0,,Quito,Pichincha,D,13,BEVERAGES,1124,0,,,,93.14
799,2013-01-02,1,315180,8.0,,Quito,Pichincha,D,13,BEVERAGES,1124,0,,,,93.14
800,2013-01-02,1,315220,8.0,,Quito,Pichincha,D,13,GROCERY I,1014,0,,,,93.14
801,2013-01-02,1,315221,3.0,,Quito,Pichincha,D,13,GROCERY I,1014,0,,,,93.14
802,2013-01-02,1,315277,8.0,,Quito,Pichincha,D,13,GROCERY I,1040,0,,,,93.14
803,2013-01-02,1,315279,1.0,,Quito,Pichincha,D,13,GROCERY I,1040,0,,,,93.14
804,2013-01-02,1,315320,2.0,,Quito,Pichincha,D,13,GROCERY I,1066,0,,,,93.14
805,2013-01-02,1,315322,3.0,,Quito,Pichincha,D,13,GROCERY I,1084,0,,,,93.14
806,2013-01-02,1,315463,3.0,,Quito,Pichincha,D,13,GROCERY II,1236,0,,,,93.14
807,2013-01-02,1,315474,3.0,,Quito,Pichincha,D,13,BREAD/BAKERY,2718,1,,,,93.14
808,2013-01-02,1,315712,8.0,,Quito,Pichincha,D,13,GROCERY I,1072,0,,,,93.14
809,2013-01-02,1,315713,2.0,,Quito,Pichincha,D,13,GROCERY I,1072,0,,,,93.14
810,2013-01-02,1,317285,11.0,,Quito,Pichincha,D,13,GROCERY II,1236,0,,,,93.14
811,2013-01-02,1,318787,1.0,,Quito,Pichincha,D,13,GROCERY I,1040,0,,,,93.14
812,2013-01-02,1,318847,6.0,,Quito,Pichincha,D,13,CLEANING,3026,0,,,,93.14
813,2013-01-02,1,318932,2.0,,Quito,Pichincha,D,13,DELI,2644,1,,,,93.14
814,2013-01-02,1,318935,2.0,,Quito,Pichincha,D,13,DELI,2652,1,,,,93.14
815,2013-01-02,1,319093,4.0,,Quito,Pichincha,D,13,DELI,2630,1,,,,93.14
816,2013-01-02,1,319094,3.0,,Quito,Pichincha,D,13,DELI,2632,1,,,,93.14
817,2013-01-02,1,319095,3.0,,Quito,Pichincha,D,13,DELI,2640,1,,,,93.14
818,2013-01-02,1,320682,28.0,,Quito,Pichincha,D,13,GROCERY I,1080,0,,,,93.14
819,2013-01-02,1,322095,5.0,,Quito,Pichincha,D,13,CLEANING,3020,0,,,,93.14
820,2013-01-02,1,323013,15.0,,Quito,Pichincha,D,13,GROCERY I,1058,0,,,,93.14
821,2013-01-02,1,323921,13.0,,Quito,Pichincha,D,13,PERSONAL CARE,4114,0,,,,93.14
822,2013-01-02,1,329070,2.0,,Quito,Pichincha,D,13,GROCERY I,1032,0,,,,93.14
823,2013-01-02,1,329071,5.0,,Quito,Pichincha,D,13,GROCERY I,1032,0,,,,93.14
824,2013-01-02,1,329362,5.0,,Quito,Pichincha,D,13,GROCERY I,1032,0,,,,93.14
825,2013-01-02,1,329397,5.0,,Quito,Pichincha,D,13,DAIRY,2112,1,,,,93.14
826,2013-01-02,1,346065,16.0,,Quito,Pichincha,D,13,GROCERY I,1039,0,,,,93.14
827,2013-01-02,1,346066,2.0,,Quito,Pichincha,D,13,GROCERY I,1039,0,,,,93.14
828,2013-01-02,1,352513,2.0,,Quito,Pichincha,D,13,CLEANING,3012,0,,,,93.14
829,2013-01-02,1,354922,1.0,,Quito,Pichincha,D,13,GROCERY I,1034,0,,,,93.14
830,2013-01-02,1,355090,4.0,,Quito,Pichincha,D,13,GROCERY I,1024,0,,,,93.14
831,2013-01-02,1,355091,5.0,,Quito,Pichincha,D,13,GROCERY I,1038,0,,,,93.14
832,2013-01-02,1,357996,4.0,,Quito,Pichincha,D,13,DELI,2632,1,,,,93.14
833,2013-01-02,1,358096,2.0,,Quito,Pichincha,D,13,GROCERY I,1002,0,,,,93.14
834,2013-01-02,1,358231,11.0,,Quito,Pichincha,D,13,CLEANING,3038,0,,,,93.14
835,2013-01-02,1,358232,6.0,,Quito,Pichincha,D,13,CLEANING,3038,0,,,,93.14
836,2013-01-02,1,358264,3.0,,Quito,Pichincha,D,13,GROCERY I,1078,0,,,,93.14
837,2013-01-02,1,358272,6.0,,Quito,Pichincha,D,13,DAIRY,2112,1,,,,93.14
838,2013-01-02,1,358515,2.0,,Quito,Pichincha,D,13,GROCERY I,1024,0,,,,93.14
839,2013-01-02,1,358519,4.0,,Quito,Pichincha,D,13,GROCERY I,1084,0,,,,93.14
840,2013-01-02,1,358561,1.0,,Quito,Pichincha,D,13,CLEANING,3004,0,,,,93.14
841,2013-01-02,1,359913,4.0,,Quito,Pichincha,D,13,BREAD/BAKERY,2716,1,,,,93.14
842,2013-01-02,1,360313,4.0,,Quito,Pichincha,D,13,BREAD/BAKERY,2702,1,,,,93.14
843,2013-01-02,1,360314,8.0,,Quito,Pichincha,D,13,BREAD/BAKERY,2702,1,,,,93.14
844,2013-01-02,1,360703,9.0,,Quito,Pichincha,D,13,GROCERY I,1072,0,,,,93.14
845,2013-01-02,1,360704,1.0,,Quito,Pichincha,D,13,GROCERY I,1072,0,,,,93.14
846,2013-01-02,1,361502,6.0,,Quito,Pichincha,D,13,GROCERY I,1036,0,,,,93.14
847,2013-01-02,1,362035,1.0,,Quito,Pichincha,D,13,GROCERY I,1044,0,,,,93.14
848,2013-01-02,1,362548,1.0,,Quito,Pichincha,D,13,GROCERY I,1042,0,,,,93.14
849,2013-01-02,1,363049,4.0,,Quito,Pichincha,D,13,PERSONAL CARE,4114,0,,,,93.14
850,2013-01-02,1,363868,21.0,,Quito,Pichincha,D,13,GROCERY I,1016,0,,,,93.14
851,2013-01-02,1,363889,3.0,,Quito,Pichincha,D,13,GROCERY I,1058,0,,,,93.14
852,2013-01-02,1,363895,5.0,,Quito,Pichincha,D,13,CLEANING,3020,0,,,,93.14
853,2013-01-02,1,364413,1.0,,Quito,Pichincha,D,13,CLEANING,3032,0,,,,93.14
854,2013-01-02,1,364606,60.0,,Quito,Pichincha,D,13,GROCERY I,1014,0,,,,93.14
855,2013-01-02,1,364724,1.0,,Quito,Pichincha,D,13,GROCERY I,1084,0,,,,93.14
856,2013-01-02,1,364738,41.0,,Quito,Pichincha,D,13,BEVERAGES,1124,0,,,,93.14
857,2013-01-02,1,364829,2.0,,Quito,Pichincha,D,13,GROCERY I,1040,0,,,,93.14
858,2013-01-02,1,364832,4.0,,Quito,Pichincha,D,13,GROCERY I,1040,0,,,,93.14
859,2013-01-02,1,364834,5.0,,Quito,Pichincha,D,13,GROCERY I,1040,0,,,,93.14
860,2013-01-02,1,364865,11.0,,Quito,Pichincha,D,13,GROCERY II,1236,0,,,,93.14
861,2013-01-02,1,365138,2.0,,Quito,Pichincha,D,13,GROCERY I,1072,0,,,,93.14
862,2013-01-02,1,365139,2.0,,Quito,Pichincha,D,13,GROCERY I,1072,0,,,,93.14
863,2013-01-02,1,365140,3.0,,Quito,Pichincha,D,13,GROCERY I,1072,0,,,,93.14
864,2013-01-02,1,365264,4.0,,Quito,Pichincha,D,13,CLEANING,3090,0,,,,93.14
865,2013-01-02,1,368136,7.0,,Quito,Pichincha,D,13,GROCERY I,1040,0,,,,93.14
866,2013-01-02,1,368140,6.0,,Quito,Pichincha,D,13,GROCERY I,1040,0,,,,93.14
867,2013-01-02,1,368213,4.0,,Quito,Pichincha,D,13,DAIRY,2124,1,,,,93.14
868,2013-01-02,1,368260,1.0,,Quito,Pichincha,D,13,GROCERY I,1028,0,,,,93.14
869,2013-01-02,1,368419,1.0,,Quito,Pichincha,D,13,DELI,2644,1,,,,93.14
870,2013-01-02,1,368424,8.0,,Quito,Pichincha,D,13,GROCERY I,1078,0,,,,93.14
871,2013-01-02,1,368624,3.0,,Quito,Pichincha,D,13,BEVERAGES,1122,0,,,,93.14
872,2013-01-02,1,368628,39.0,,Quito,Pichincha,D,13,BEVERAGES,1122,0,,,,93.14
873,2013-01-02,1,369432,3.0,,Quito,Pichincha,D,13,GROCERY I,1036,0,,,,93.14
874,2013-01-02,1,370042,13.0,,Quito,Pichincha,D,13,GROCERY I,1080,0,,,,93.14
875,2013-01-02,1,371130,7.0,,Quito,Pichincha,D,13,CLEANING,3046,0,,,,93.14
876,2013-01-02,1,371218,3.0,,Quito,Pichincha,D,13,DAIRY,2116,1,,,,93.14
877,2013-01-02,1,371437,18.0,,Quito,Pichincha,D,13,CLEANING,3020,0,,,,93.14
878,2013-01-02,1,371438,7.0,,Quito,Pichincha,D,13,CLEANING,3020,0,,,,93.14
879,2013-01-02,1,372924,7.0,,Quito,Pichincha,D,13,GROCERY I,1002,0,,,,93.14
880,2013-01-02,1,373152,17.0,,Quito,Pichincha,D,13,PERSONAL CARE,4114,0,,,,93.14
881,2013-01-02,1,374464,5.0,,Quito,Pichincha,D,13,GROCERY I,1016,0,,,,93.14
882,2013-01-02,1,376427,6.0,,Quito,Pichincha,D,13,EGGS,2502,1,,,,93.14
883,2013-01-02,1,378332,1.0,,Quito,Pichincha,D,13,GROCERY I,1032,0,,,,93.14
884,2013-01-02,1,378685,52.0,,Quito,Pichincha,D,13,DAIRY,2102,1,,,,93.14
885,2013-01-02,1,401817,21.0,,Quito,Pichincha,D,13,GROCERY I,1078,0,,,,93.14
886,2013-01-02,1,401911,1.0,,Quito,Pichincha,D,13,CLEANING,3012,0,,,,93.14
887,2013-01-02,1,402136,10.0,,Quito,Pichincha,D,13,CLEANING,3008,0,,,,93.14
888,2013-01-02,1,402174,2.0,,Quito,Pichincha,D,13,GROCERY I,1096,0,,,,93.14
889,2013-01-02,1,402175,6.0,,Quito,Pichincha,D,13,GROCERY I,1096,0,,,,93.14
890,2013-01-02,1,404336,7.0,,Quito,Pichincha,D,13,GROCERY I,1045,0,,,,93.14
891,2013-01-02,1,405304,2.0,,Quito,Pichincha,D,13,GROCERY I,1032,0,,,,93.14
892,2013-01-02,1,406965,4.0,,Quito,Pichincha,D,13,CLEANING,3015,0,,,,93.14
893,2013-01-02,1,407499,19.0,,Quito,Pichincha,D,13,EGGS,2502,1,,,,93.14
894,2013-01-02,1,407608,2.0,,Quito,Pichincha,D,13,CLEANING,3044,0,,,,93.14
895,2013-01-02,1,407769,6.0,,Quito,Pichincha,D,13,CLEANING,3024,0,,,,93.14
896,2013-01-02,1,409738,7.0,,Quito,Pichincha,D,13,BREAD/BAKERY,2708,1,,,,93.14
897,2013-01-02,1,409739,4.0,,Quito,Pichincha,D,13,BREAD/BAKERY,2708,1,,,,93.14
898,2013-01-02,1,409904,5.0,,Quito,Pichincha,D,13,GROCERY I,1034,0,,,,93.14
899,2013-01-02,1,410257,24.0,,Quito,Pichincha,D,13,GROCERY I,1072,0,,,,93.14
900,2013-01-02,1,410866,1.0,,Quito,Pichincha,D,13,PREPARED FOODS,2980,1,,,,93.14
901,2013-01-02,1,411487,5.0,,Quito,Pichincha,D,13,CLEANING,3046,0,,,,93.14
902,2013-01-02,1,411555,1.0,,Quito,Pichincha,D,13,GROCERY I,1044,0,,,,93.14
903,2013-01-02,1,413986,2.0,,Quito,Pichincha,D,13,CLEANING,3032,0,,,,93.14
904,2013-01-02,1,413987,10.0,,Quito,Pichincha,D,13,CLEANING,3034,0,,,,93.14
905,2013-01-02,1,414305,2.0,,Quito,Pichincha,D,13,BEVERAGES,1124,0,,,,93.14
906,2013-01-02,1,414353,23.0,,Quito,Pichincha,D,13,GROCERY I,1014,0,,,,93.14
907,2013-01-02,1,414354,4.0,,Quito,Pichincha,D,13,GROCERY I,1014,0,,,,93.14
908,2013-01-02,1,414421,1.0,,Quito,Pichincha,D,13,GROCERY I,1040,0,,,,93.14
909,2013-01-02,1,414426,1.0,,Quito,Pichincha,D,13,GROCERY I,1040,0,,,,93.14
910,2013-01-02,1,414454,7.0,,Quito,Pichincha,D,13,GROCERY I,1084,0,,,,93.14
911,2013-01-02,1,414478,9.0,,Quito,Pichincha,D,13,BREAD/BAKERY,2718,1,,,,93.14
912,2013-01-02,1,414620,20.0,,Quito,Pichincha,D,13,GROCERY I,1016,0,,,,93.14
913,2013-01-02,1,414621,13.0,,Quito,Pichincha,D,13,GROCERY I,1016,0,,,,93.14
914,2013-01-02,1,414623,6.0,,Quito,Pichincha,D,13,GROCERY I,1016,0,,,,93.14
915,2013-01-02,1,414750,22.0,,Quito,Pichincha,D,13,GROCERY I,1072,0,,,,93.14
916,2013-01-02,1,414752,2.0,,Quito,Pichincha,D,13,GROCERY I,1072,0,,,,93.14
917,2013-01-02,1,414888,4.0,,Quito,Pichincha,D,13,CLEANING,3090,0,,,,93.14
918,2013-01-02,1,417765,24.0,,Quito,Pichincha,D,13,CLEANING,3026,0,,,,93.14
919,2013-01-02,1,417835,3.0,,Quito,Pichincha,D,13,GROCERY I,1028,0,,,,93.14
920,2013-01-02,1,418025,8.0,,Quito,Pichincha,D,13,DELI,2644,1,,,,93.14
921,2013-01-02,1,418026,3.0,,Quito,Pichincha,D,13,DELI,2644,1,,,,93.14
922,2013-01-02,1,418235,22.0,,Quito,Pichincha,D,13,BEVERAGES,1122,0,,,,93.14
923,2013-01-02,1,420720,5.0,,Quito,Pichincha,D,13,DAIRY,2116,1,,,,93.14
924,2013-01-02,1,421066,6.0,,Quito,Pichincha,D,13,GROCERY I,1004,0,,,,93.14
925,2013-01-02,1,422452,2.0,,Quito,Pichincha,D,13,GROCERY I,1032,0,,,,93.14
926,2013-01-02,1,426155,5.0,,Quito,Pichincha,D,13,PREPARED FOODS,2962,1,,,,93.14
927,2013-01-02,1,428054,2.0,,Quito,Pichincha,D,13,GROCERY I,1032,0,,,,93.14
928,2013-01-02,1,428394,1.0,,Quito,Pichincha,D,13,GROCERY I,1032,0,,,,93.14
929,2013-01-02,1,452022,1.0,,Quito,Pichincha,D,13,GROCERY I,1030,0,,,,93.14
930,2013-01-02,1,452212,8.0,,Quito,Pichincha,D,13,BREAD/BAKERY,2702,1,,,,93.14
931,2013-01-02,1,454326,6.0,,Quito,Pichincha,D,13,GROCERY I,1044,0,,,,93.14
932,2013-01-02,1,454426,2.0,,Quito,Pichincha,D,13,GROCERY I,1034,0,,,,93.14
933,2013-01-02,1,454589,29.0,,Quito,Pichincha,D,13,GROCERY I,1038,0,,,,93.14
934,2013-01-02,1,454596,2.0,,Quito,Pichincha,D,13,GROCERY I,1092,0,,,,93.14
935,2013-01-02,1,456870,3.0,,Quito,Pichincha,D,13,GROCERY I,1010,0,,,,93.14
936,2013-01-02,1,456875,4.0,,Quito,Pichincha,D,13,CLEANING,3015,0,,,,93.14
937,2013-01-02,1,457424,23.0,,Quito,Pichincha,D,13,EGGS,2502,1,,,,93.14
938,2013-01-02,1,457425,7.0,,Quito,Pichincha,D,13,EGGS,2502,1,,,,93.14
939,2013-01-02,1,457556,2.0,,Quito,Pichincha,D,13,GROCERY I,1004,0,,,,93.14
940,2013-01-02,1,457688,1.0,,Quito,Pichincha,D,13,CLEANING,3038,0,,,,93.14
941,2013-01-02,1,457928,18.98,,Quito,Pichincha,D,13,POULTRY,2416,1,,,,93.14
942,2013-01-02,1,459762,5.0,,Quito,Pichincha,D,13,BREAD/BAKERY,2708,1,,,,93.14
943,2013-01-02,1,460804,2.0,,Quito,Pichincha,D,13,GROCERY I,1048,0,,,,93.14
944,2013-01-02,1,462673,6.0,,Quito,Pichincha,D,13,GROCERY I,1048,0,,,,93.14
945,2013-01-02,1,463458,3.0,,Quito,Pichincha,D,13,CLEANING,3020,0,,,,93.14
946,2013-01-02,1,463598,1.0,,Quito,Pichincha,D,13,CLEANING,3024,0,,,,93.14
947,2013-01-02,1,463816,1.0,,Quito,Pichincha,D,13,CLEANING,3018,0,,,,93.14
948,2013-01-02,1,463901,5.0,,Quito,Pichincha,D,13,CLEANING,3034,0,,,,93.14
949,2013-01-02,1,463903,5.0,,Quito,Pichincha,D,13,CLEANING,3034,0,,,,93.14
950,2013-01-02,1,464302,1.0,,Quito,Pichincha,D,13,GROCERY I,1026,0,,,,93.14
951,2013-01-02,1,464333,2.0,,Quito,Pichincha,D,13,GROCERY I,1040,0,,,,93.14
952,2013-01-02,1,464336,6.0,,Quito,Pichincha,D,13,GROCERY I,1040,0,,,,93.14
953,2013-01-02,1,464339,6.0,,Quito,Pichincha,D,13,GROCERY I,1040,0,,,,93.14
954,2013-01-02,1,464356,2.0,,Quito,Pichincha,D,13,GROCERY I,1040,0,,,,93.14
955,2013-01-02,1,464374,27.0,,Quito,Pichincha,D,13,BEVERAGES,1124,0,,,,93.14
956,2013-01-02,1,464385,7.0,,Quito,Pichincha,D,13,BREAD/BAKERY,2718,1,,,,93.14
957,2013-01-02,1,464536,10.0,,Quito,Pichincha,D,13,GROCERY I,1016,0,,,,93.14
958,2013-01-02,1,464940,6.0,,Quito,Pichincha,D,13,CLEANING,3090,0,,,,93.14
959,2013-01-02,1,467808,5.0,,Quito,Pichincha,D,13,CLEANING,3026,0,,,,93.14
960,2013-01-02,1,468057,3.0,,Quito,Pichincha,D,13,DELI,2632,1,,,,93.14
961,2013-01-02,1,468058,1.0,,Quito,Pichincha,D,13,DELI,2644,1,,,,93.14
962,2013-01-02,1,469643,3.0,,Quito,Pichincha,D,13,GROCERY I,1030,0,,,,93.14
963,2013-01-02,1,470624,11.0,,Quito,Pichincha,D,13,CLEANING,3046,0,,,,93.14
964,2013-01-02,1,470625,10.0,,Quito,Pichincha,D,13,CLEANING,3046,0,,,,93.14
965,2013-01-02,1,470762,1.0,,Quito,Pichincha,D,13,CLEANING,3004,0,,,,93.14
966,2013-01-02,1,471980,9.0,,Quito,Pichincha,D,13,GROCERY I,1058,0,,,,93.14
967,2013-01-02,1,471985,5.0,,Quito,Pichincha,D,13,DAIRY,2114,1,,,,93.14
968,2013-01-02,1,472526,3.0,,Quito,Pichincha,D,13,GROCERY I,1026,0,,,,93.14
969,2013-01-02,1,472658,1.0,,Quito,Pichincha,D,13,GROCERY I,1032,0,,,,93.14
970,2013-01-02,1,476261,15.0,,Quito,Pichincha,D,13,EGGS,2502,1,,,,93.14
971,2013-01-02,1,502224,1.0,,Quito,Pichincha,D,13,GROCERY I,1062,0,,,,93.14
972,2013-01-02,1,502227,5.0,,Quito,Pichincha,D,13,GROCERY I,1096,0,,,,93.14
973,2013-01-02,1,502230,13.0,,Quito,Pichincha,D,13,GROCERY I,1096,0,,,,93.14
974,2013-01-02,1,502331,45.0,,Quito,Pichincha,D,13,BREAD/BAKERY,2702,1,,,,93.14
975,2013-01-02,1,506717,1.0,,Quito,Pichincha,D,13,GROCERY I,1030,0,,,,93.14
976,2013-01-02,1,507354,2.237,,Quito,Pichincha,D,13,DELI,2690,1,,,,93.14
977,2013-01-02,1,507457,10.0,,Quito,Pichincha,D,13,FROZEN FOODS,2218,0,,,,93.14
978,2013-01-02,1,507478,15.0,,Quito,Pichincha,D,13,EGGS,2502,1,,,,93.14
979,2013-01-02,1,507479,2.0,,Quito,Pichincha,D,13,EGGS,2502,1,,,,93.14
980,2013-01-02,1,507641,2.0,,Quito,Pichincha,D,13,DAIRY,2124,1,,,,93.14
981,2013-01-02,1,507867,2.0,,Quito,Pichincha,D,13,GROCERY I,1070,0,,,,93.14
982,2013-01-02,1,507870,5.0,,Quito,Pichincha,D,13,GROCERY I,1084,0,,,,93.14
983,2013-01-02,1,507927,1.0,,Quito,Pichincha,D,13,CLEANING,3004,0,,,,93.14
984,2013-01-02,1,507969,9.622,,Quito,Pichincha,D,13,POULTRY,2416,1,,,,93.14
985,2013-01-02,1,508069,8.0,,Quito,Pichincha,D,13,CLEANING,3026,0,,,,93.14
986,2013-01-02,1,508947,18.0,,Quito,Pichincha,D,13,DAIRY,2112,1,,,,93.14
987,2013-01-02,1,510054,31.0,,Quito,Pichincha,D,13,GROCERY I,1072,0,,,,93.14
988,2013-01-02,1,510055,7.0,,Quito,Pichincha,D,13,GROCERY I,1072,0,,,,93.14
989,2013-01-02,1,510057,3.0,,Quito,Pichincha,D,13,GROCERY I,1072,0,,,,93.14
990,2013-01-02,1,513379,2.0,,Quito,Pichincha,D,13,PERSONAL CARE,4126,0,,,,93.14
991,2013-01-02,1,513853,1.0,,Quito,Pichincha,D,13,CLEANING,3034,0,,,,93.14
992,2013-01-02,1,513855,7.0,,Quito,Pichincha,D,13,CLEANING,3034,0,,,,93.14
993,2013-01-02,1,514144,8.0,,Quito,Pichincha,D,13,GROCERY I,1060,0,,,,93.14
994,2013-01-02,1,514149,4.0,,Quito,Pichincha,D,13,GROCERY I,1066,0,,,,93.14
995,2013-01-02,1,514172,10.0,,Quito,Pichincha,D,13,BEVERAGES,1124,0,,,,93.14
996,2013-01-02,1,514242,6.0,,Quito,Pichincha,D,13,GROCERY I,1026,0,,,,93.14
997,2013-01-02,1,514327,12.0,,Quito,Pichincha,D,13,PREPARED FOODS,2986,1,,,,93.14
998,2013-01-02,1,514446,1.0,,Quito,Pichincha,D,13,LINGERIE,7034,0,,,,93.14
999,2013-01-02,1,514597,4.0,,Quito,Pichincha,D,13,GROCERY I,1012,0,,,,93.14
